,Tile,x,y,npix,min_x,max_x,min_y,max_y
0,SS7405,710.0,2747.0,499858.0,81.0,1330.0,2475.0,2994.0
1,SS7606,475.5,3283.5,186.0,470.0,481.0,3275.0,3292.0
2,SS7706,3966.0,289.0,16689.0,3928.0,3999.0,170.0,425.0
3,SS7806,610.0,395.0,449160.0,0.0,1071.0,170.0,727.0
4,SS8125,3601.0,1125.0,880486.0,3155.0,3999.0,492.0,1751.0
5,SS8200,2963.0,2895.0,190.0,2957.0,2969.0,2886.0,2904.0
6,SS8200,3516.0,3093.0,191.0,3510.0,3522.0,3084.0,3102.0
7,SS8225,105.0,1209.0,200806.0,0.0,316.0,601.0,1606.0
8,SS8225,1389.0,1681.0,714010.0,674.0,1979.0,1293.0,2018.0
9,SS8300,1584.0,3194.0,188.0,1578.0,1589.0,3185.0,3203.0
10,SS8300,2394.0,3563.0,184.0,2389.0,2400.0,3554.0,3571.0
11,SS8300,2297.0,3580.0,190.0,2291.0,2303.0,3571.0,3589.0
12,SS8300,1511.0,3750.0,182.0,1505.0,1516.0,3741.0,3758.0
13,SS8300,2272.0,3835.0,184.0,2267.0,2278.0,3826.0,3844.0
14,SS8300,2251.0,3838.5,188.0,2245.0,2257.0,3830.0,3847.0
15,SS8300,2230.0,3840.0,188.0,2224.0,2235.0,3831.0,3849.0
16,SS8300,2346.0,3851.0,190.0,2340.0,2352.0,3842.0,3860.0
17,SS8300,2325.0,3855.0,182.0,2319.0,2330.0,3846.0,3863.0
18,SS8300,2303.0,3858.0,188.0,2297.0,2308.0,3849.0,3867.0
19,SS8300,302.0,3924.0,188.0,296.0,307.0,3915.0,3933.0
20,SS8914,2720.0,3331.0,332527.0,2337.0,3175.0,3076.0,3544.0
21,SS8916,3276.0,208.0,600224.0,2460.0,3999.0,0.0,428.0
22,SS9016,47.0,261.0,33770.0,0.0,104.0,55.0,428.0
23,SS9411,3988.0,249.0,189.0,3983.0,3994.0,240.0,258.0
24,SS9411,3990.0,418.0,185.0,3985.0,3996.0,410.0,427.0
25,SS9411,3261.0,870.0,185.0,3255.0,3266.0,862.0,879.0
26,SS9411,3240.0,909.0,185.0,3235.0,3246.0,901.0,918.0
27,SS9411,2509.0,959.0,186.0,2504.0,2515.0,950.0,968.0
28,SS9411,2480.0,963.0,186.0,2474.0,2486.0,954.0,972.0
29,SS9411,3006.0,1010.0,186.0,3000.0,3011.0,1001.0,1019.0
30,SS9411,2912.0,1019.0,186.0,2906.0,2917.0,1010.0,1028.0
31,SS9411,3034.0,1027.0,188.0,3029.0,3040.0,1018.0,1036.0
32,SS9411,2886.5,1055.0,186.0,2881.0,2892.0,1046.0,1064.0
33,SS9411,2713.0,1058.0,189.0,2707.0,2718.0,1049.0,1067.0
34,SS9411,3238.0,1075.0,190.0,3232.0,3244.0,1066.0,1084.0
35,SS9411,3226.0,1097.0,188.0,3221.0,3232.0,1088.0,1106.0
36,SS9411,3212.0,1119.0,191.0,3206.0,3218.0,1110.0,1128.0
37,SS9411,2538.0,1143.0,183.0,2533.0,2544.0,1134.0,1151.0
38,SS9411,3191.0,1161.0,187.0,3186.0,3197.0,1153.0,1170.0
39,SS9411,2807.0,1211.0,188.0,2801.0,2812.0,1202.0,1220.0
40,SS9411,3294.0,1225.0,190.0,3288.0,3300.0,1216.0,1234.0
41,SS9411,2796.0,1231.0,185.0,2790.0,2802.0,1223.0,1240.0
42,SS9411,2675.0,1235.0,181.0,2669.0,2680.0,1226.0,1243.0
43,SS9411,3316.0,1237.0,191.0,3310.0,3322.0,1228.0,1246.0
44,SS9411,2507.0,1244.0,186.0,2501.0,2512.0,1235.0,1253.0
45,SS9411,3440.0,1246.0,185.0,3434.0,3446.0,1237.0,1254.0
46,SS9411,2873.0,1249.0,190.0,2867.0,2879.0,1240.0,1258.0
47,SS9411,2339.0,1256.0,186.0,2333.0,2344.0,1247.0,1265.0
48,SS9411,2780.5,1255.5,186.0,2775.0,2786.0,1247.0,1264.0
49,SS9411,3356.0,1258.5,184.0,3351.0,3362.0,1250.0,1267.0
50,SS9411,2857.0,1275.0,190.0,2851.0,2863.0,1266.0,1284.0
51,SS9411,2768.0,1282.0,188.0,2763.0,2774.0,1273.0,1291.0
52,SS9411,3109.0,1282.0,185.0,3104.0,3115.0,1274.0,1291.0
53,SS9411,3415.0,1284.0,187.0,3410.0,3421.0,1275.0,1293.0
54,SS9411,2843.0,1298.0,190.0,2837.0,2849.0,1289.0,1307.0
55,SS9411,2831.0,1320.0,187.0,2825.0,2836.0,1311.0,1329.0
56,SS9411,3226.0,1339.0,188.0,3221.0,3232.0,1330.0,1348.0
57,SS9411,2971.0,1356.0,186.0,2966.0,2977.0,1347.0,1365.0
58,SS9411,3358.0,1364.0,191.0,3352.0,3364.0,1355.0,1373.0
59,SS9411,2956.0,1384.0,187.0,2950.0,2961.0,1375.0,1393.0
60,SS9411,3347.0,1384.0,187.0,3341.0,3352.0,1375.0,1393.0
61,SS9411,3337.0,1403.0,184.0,3331.0,3342.0,1394.0,1412.0
62,SS9411,3324.0,1425.0,189.0,3319.0,3330.0,1416.0,1434.0
63,SS9411,3478.0,1443.0,188.0,3472.0,3483.0,1434.0,1452.0
64,SS9411,3465.0,1464.0,187.0,3460.0,3471.0,1455.0,1473.0
65,SS9411,2897.0,1518.0,188.0,2892.0,2903.0,1509.0,1527.0
66,SS9411,2884.0,1545.0,190.0,2878.0,2890.0,1536.0,1554.0
67,SS9411,3415.0,1553.0,187.0,3409.0,3420.0,1544.0,1562.0
68,SS9411,3953.0,1556.0,187.0,3948.0,3959.0,1547.0,1565.0
69,SS9411,3200.0,1574.0,189.0,3194.0,3205.0,1565.0,1583.0
70,SS9411,2960.0,1585.0,188.0,2955.0,2966.0,1576.0,1594.0
71,SS9411,3364.0,1614.0,183.0,3358.0,3369.0,1605.0,1623.0
72,SS9411,3127.0,1633.0,182.0,3121.0,3132.0,1624.0,1641.0
73,SS9411,3351.0,1633.0,187.0,3346.0,3357.0,1624.0,1642.0
74,SS9412,3445.0,797.0,186.0,3440.0,3451.0,788.0,806.0
75,SS9412,3554.0,869.0,189.0,3549.0,3560.0,860.0,878.0
76,SS9412,3616.0,876.0,187.0,3611.0,3622.0,867.0,885.0
77,SS9412,3588.0,878.0,184.0,3583.0,3594.0,869.0,887.0
78,SS9412,3252.0,945.0,187.0,3246.0,3257.0,936.0,954.0
79,SS9412,3280.0,946.0,185.0,3274.0,3285.0,937.0,954.0
80,SS9412,3307.5,946.0,186.0,3302.0,3313.0,937.0,955.0
81,SS9412,3263.0,1059.0,188.0,3257.0,3268.0,1050.0,1068.0
82,SS9412,3396.0,1062.0,187.0,3391.0,3402.0,1053.0,1071.0
83,SS9412,3317.5,1070.0,186.0,3312.0,3323.0,1061.0,1079.0
84,SS9412,2461.0,1095.0,187.0,2456.0,2467.0,1086.0,1104.0
85,SS9412,2762.0,1132.0,188.0,2757.0,2768.0,1123.0,1141.0
86,SS9412,3554.0,1196.0,187.0,3548.0,3559.0,1187.0,1205.0
87,SS9412,3491.0,1198.0,189.0,3485.0,3496.0,1189.0,1207.0
88,SS9412,3516.0,1197.0,185.0,3511.0,3522.0,1189.0,1206.0
89,SS9412,3442.0,1370.0,188.0,3436.0,3447.0,1361.0,1379.0
90,SS9412,3465.0,1375.0,187.0,3459.0,3470.0,1366.0,1384.0
91,SS9412,3498.0,1387.0,187.0,3492.0,3503.0,1378.0,1396.0
92,SS9412,3841.0,1449.0,188.0,3835.0,3846.0,1440.0,1458.0
93,SS9412,3024.0,1682.0,188.0,3018.0,3029.0,1673.0,1691.0
94,SS9412,3004.0,1718.0,190.0,2998.0,3010.0,1709.0,1727.0
95,SS9412,2681.0,1905.0,187.0,2676.0,2687.0,1896.0,1914.0
96,SS9412,2703.0,1921.0,186.0,2697.0,2708.0,1912.0,1930.0
97,SS9412,2553.0,1929.0,189.0,2547.0,2559.0,1920.0,1938.0
98,SS9412,2485.0,1989.0,190.0,2479.0,2491.0,1980.0,1998.0
99,SS9412,2474.0,2004.0,185.0,2468.0,2479.0,1995.0,2012.0
100,SS9412,2693.0,2021.0,189.0,2687.0,2699.0,2012.0,2030.0
101,SS9412,2677.0,2038.0,190.0,2671.0,2683.0,2029.0,2047.0
102,SS9412,2443.0,2044.0,190.0,2437.0,2449.0,2035.0,2053.0
103,SS9412,2604.0,2143.0,186.0,2599.0,2610.0,2134.0,2152.0
104,SS9412,2578.0,2181.0,189.0,2572.0,2584.0,2172.0,2190.0
105,SS9412,2343.0,2186.0,182.0,2337.0,2348.0,2177.0,2195.0
106,SS9412,2457.0,2282.0,187.0,2451.0,2462.0,2273.0,2291.0
107,SS9412,2443.0,2299.0,189.0,2438.0,2449.0,2290.0,2308.0
108,SS9412,2155.0,2330.0,189.0,2149.0,2161.0,2321.0,2339.0
109,SS9412,2127.0,2440.0,189.0,2122.0,2133.0,2431.0,2449.0
110,SS9412,2182.0,2574.0,376.0,2170.0,2194.0,2565.0,2584.0
111,SS9412,1847.0,2733.0,183.0,1842.0,1853.0,2724.0,2741.0
112,SS9412,1866.0,2756.0,185.0,1861.0,1872.0,2747.0,2765.0
113,SS9412,1889.0,2792.0,187.0,1884.0,1895.0,2783.0,2801.0
114,SS9412,1904.0,2819.0,186.0,1898.0,1909.0,2810.0,2828.0
115,SS9412,1954.5,2962.5,186.0,1949.0,1960.0,2954.0,2971.0
116,SS9412,1929.0,2989.0,187.0,1923.0,1934.0,2980.0,2998.0
117,SS9412,2209.0,3112.0,188.0,2204.0,2215.0,3103.0,3121.0
118,SS9511,196.0,6.0,150.0,191.0,202.0,0.0,13.0
119,SS9511,317.0,4.0,124.0,311.0,323.0,0.0,11.0
120,SS9511,351.5,28.0,186.0,346.0,357.0,19.0,37.0
121,SS9511,73.0,29.0,189.0,67.0,78.0,20.0,38.0
122,SS9511,169.0,42.0,186.0,163.0,175.0,33.0,51.0
123,SS9511,395.0,55.0,190.0,389.0,400.0,46.0,64.0
124,SS9511,252.0,177.0,184.0,247.0,258.0,168.0,186.0
125,SS9511,292.0,201.0,187.0,287.0,298.0,192.0,210.0
126,SS9511,5.0,226.0,188.0,0.0,11.0,217.0,235.0
127,SS9511,101.0,268.0,185.0,95.0,106.0,259.0,276.0
128,SS9511,75.0,302.0,191.0,69.0,81.0,293.0,311.0
129,SS9511,47.0,341.0,188.0,42.0,53.0,332.0,350.0
130,SS9511,19.0,381.0,186.0,13.0,24.0,372.0,390.0
131,SS9511,116.0,452.0,188.0,110.0,121.0,443.0,461.0
132,SS9511,40.0,544.0,186.0,35.0,46.0,535.0,553.0
133,SS9511,186.0,544.0,188.0,180.0,191.0,535.0,553.0
134,SS9511,26.0,565.0,184.0,21.0,32.0,556.0,574.0
135,SS9511,343.0,575.0,189.0,337.0,349.0,566.0,584.0
136,SS9511,453.0,626.0,190.0,447.0,459.0,617.0,635.0
137,SS9511,297.0,637.0,185.0,292.0,303.0,629.0,646.0
138,SS9511,275.0,669.0,183.0,269.0,280.0,660.0,677.0
139,SS9511,665.0,679.0,189.0,659.0,670.0,670.0,688.0
140,SS9511,258.0,692.0,189.0,252.0,264.0,683.0,701.0
141,SS9511,369.0,739.0,189.0,363.0,374.0,730.0,748.0
142,SS9511,320.0,809.0,187.0,314.0,325.0,800.0,818.0
143,SS9511,276.0,863.5,184.0,270.0,282.0,855.0,872.0
144,SS9511,227.0,939.0,190.0,221.0,233.0,930.0,948.0
145,SS9511,172.0,1010.0,187.0,166.0,178.0,1002.0,1019.0
146,SS9511,394.0,1058.0,189.0,388.0,399.0,1049.0,1067.0
147,SS9511,116.0,1091.0,185.0,110.0,122.0,1083.0,1100.0
148,SS9511,174.0,1132.0,189.0,168.0,180.0,1123.0,1141.0
149,SS9511,330.0,1146.0,187.0,324.0,335.0,1137.0,1155.0
150,SS9511,134.0,1245.0,188.0,128.0,140.0,1236.0,1253.0
151,SS9511,205.0,1339.0,187.0,199.0,211.0,1330.0,1348.0
152,SS9511,113.0,1463.0,189.0,107.0,119.0,1454.0,1472.0
153,SS9512,54.0,2096.0,187.0,48.0,59.0,2087.0,2105.0
154,SS9512,378.0,2446.0,188.0,373.0,384.0,2437.0,2455.0
155,SS9512,312.0,2452.5,184.0,306.0,317.0,2444.0,2461.0
156,SS9512,395.0,2554.0,186.0,389.0,400.0,2545.0,2563.0
157,SS9512,327.0,2559.0,184.0,321.0,333.0,2550.0,2567.0
158,SS9512,405.0,2658.0,188.0,399.0,411.0,2649.0,2667.0
159,SS9512,343.0,2663.0,189.0,337.0,349.0,2654.0,2672.0
160,SS9512,449.0,2760.0,183.0,444.0,455.0,2752.0,2769.0
161,SS9512,414.0,2765.0,187.0,409.0,420.0,2756.0,2774.0
162,SS9512,381.0,2769.0,188.0,375.0,386.0,2760.0,2778.0
163,SS9512,352.0,2772.0,185.0,347.0,358.0,2764.0,2781.0
164,SS9512,430.0,2875.0,189.0,424.0,436.0,2866.0,2884.0
165,SS9512,399.0,2879.0,189.0,393.0,404.0,2870.0,2888.0
166,SS9512,366.0,2883.0,188.0,361.0,372.0,2874.0,2892.0
167,SS9512,338.0,2887.0,188.0,332.0,343.0,2878.0,2896.0
168,SS9512,28.0,2997.0,189.0,23.0,34.0,2988.0,3006.0
169,SS9512,62.0,3015.0,187.0,56.0,67.0,3006.0,3024.0
170,SS9512,90.0,3029.0,185.0,84.0,95.0,3020.0,3038.0
171,SS9512,121.0,3047.5,184.0,115.0,126.0,3039.0,3056.0
172,SS9512,148.0,3061.0,188.0,142.0,154.0,3052.0,3070.0
173,SS9512,35.5,3140.5,186.0,30.0,41.0,3132.0,3149.0
174,SS9512,59.5,3151.0,186.0,54.0,65.0,3142.0,3160.0
175,SS9512,112.0,3177.0,190.0,106.0,118.0,3168.0,3186.0
176,SS9512,128.5,3186.5,186.0,123.0,134.0,3178.0,3195.0
177,SS9512,744.0,3302.0,191.0,738.0,750.0,3293.0,3311.0
178,SS9512,754.0,3436.0,189.0,749.0,760.0,3427.0,3445.0
179,SS9512,1032.0,3469.0,185.0,1026.0,1038.0,3460.0,3477.0
180,SS9512,980.0,3496.0,190.0,974.0,986.0,3487.0,3505.0
181,SS9512,1047.0,3506.0,186.0,1041.0,1052.0,3497.0,3515.0
182,SS9512,949.0,3508.0,181.0,943.0,954.0,3499.0,3516.0
183,SS9512,918.0,3513.0,188.0,913.0,924.0,3504.0,3522.0
184,SS9512,877.0,3525.0,186.0,872.0,883.0,3516.0,3534.0
185,SS9512,717.0,3558.0,186.0,712.0,723.0,3549.0,3567.0
186,SS9512,363.0,3767.0,185.0,357.0,368.0,3758.0,3776.0
187,SS9512,387.0,3786.0,185.0,381.0,393.0,3777.0,3794.0
188,SS9512,604.0,3799.0,186.0,598.0,610.0,3790.0,3808.0
189,SS9512,411.0,3803.0,183.0,405.0,416.0,3794.0,3812.0
190,SS9512,581.0,3807.5,184.0,576.0,587.0,3799.0,3816.0
191,SS9512,434.0,3818.0,186.0,429.0,440.0,3809.0,3827.0
192,SS9512,555.0,3819.0,190.0,549.0,561.0,3810.0,3828.0
193,SS9512,525.0,3831.0,185.0,519.0,530.0,3822.0,3839.0
194,SS9512,496.0,3840.0,190.0,490.0,501.0,3831.0,3849.0
195,SS9512,291.0,3860.0,181.0,286.0,297.0,3852.0,3869.0
196,SS9512,332.5,3888.0,186.0,327.0,338.0,3879.0,3897.0
197,SS9512,658.0,3897.5,184.0,653.0,664.0,3889.0,3906.0
198,SS9512,120.0,3911.0,188.0,114.0,125.0,3902.0,3920.0
199,SS9512,370.0,3920.0,186.0,365.0,376.0,3911.0,3929.0
200,SS9512,413.0,3945.0,188.0,408.0,419.0,3936.0,3954.0
201,SS9512,222.0,3965.0,187.0,216.0,227.0,3956.0,3974.0
202,SS9512,78.0,3968.0,190.0,72.0,84.0,3959.0,3977.0
203,SS9512,452.0,3976.0,187.0,447.0,458.0,3967.0,3985.0
204,SS9512,65.0,3990.0,186.0,59.0,70.0,3981.0,3999.0
205,SS9512,317.0,3997.0,65.0,312.0,322.0,3993.0,3999.0
206,SS9512,196.0,3998.0,33.0,192.0,201.0,3996.0,3999.0
207,SS9602,3864.0,632.0,18354.0,3787.0,3934.0,547.0,708.0
208,SS9611,3237.0,19.0,187.0,3231.0,3243.0,10.0,28.0
209,SS9611,3370.0,29.5,186.0,3365.0,3376.0,21.0,38.0
210,SS9611,3213.0,112.0,185.0,3208.0,3219.0,103.0,121.0
211,SS9611,3967.0,176.0,188.0,3962.0,3973.0,167.0,185.0
212,SS9611,3721.0,332.0,187.0,3715.0,3726.0,323.0,341.0
213,SS9612,1492.0,41.0,185.0,1487.0,1498.0,32.0,50.0
214,SS9612,518.0,511.0,185.0,513.0,524.0,502.0,520.0
215,SS9612,2134.0,1218.5,186.0,2128.0,2139.0,1210.0,1227.0
216,SS9612,1973.0,1220.5,184.0,1967.0,1978.0,1212.0,1229.0
217,SS9612,3130.0,1223.0,187.0,3125.0,3136.0,1214.0,1232.0
218,SS9612,2114.0,1232.0,186.0,2108.0,2119.0,1223.0,1241.0
219,SS9612,1931.0,1236.0,189.0,1925.0,1937.0,1227.0,1245.0
220,SS9612,3591.0,1287.0,188.0,3585.0,3597.0,1278.0,1296.0
221,SS9612,3617.0,1292.0,188.0,3611.0,3622.0,1283.0,1301.0
222,SS9612,3652.0,1310.0,187.0,3647.0,3658.0,1301.0,1319.0
223,SS9612,3706.0,1320.0,185.0,3700.0,3711.0,1311.0,1329.0
224,SS9612,3625.0,1445.0,185.0,3619.0,3630.0,1436.0,1454.0
225,SS9612,3609.0,1461.0,186.0,3604.0,3615.0,1452.0,1470.0
226,SS9612,2956.0,1470.0,186.0,2950.0,2961.0,1461.0,1479.0
227,SS9612,3593.0,1475.0,190.0,3588.0,3599.0,1466.0,1484.0
228,SS9612,2939.0,1479.0,189.0,2933.0,2945.0,1470.0,1488.0
229,SS9612,3256.0,1497.0,188.0,3250.0,3261.0,1488.0,1506.0
230,SS9612,3326.0,1497.0,186.0,3320.0,3331.0,1488.0,1506.0
231,SS9612,2879.0,1504.0,187.0,2874.0,2885.0,1495.0,1513.0
232,SS9612,2853.0,1515.0,191.0,2847.0,2859.0,1506.0,1524.0
233,SS9612,1965.0,1554.0,187.0,1959.0,1970.0,1545.0,1563.0
234,SS9612,2199.0,1554.0,187.0,2194.0,2205.0,1545.0,1563.0
235,SS9612,3923.0,1585.0,183.0,3918.0,3929.0,1576.0,1593.0
236,SS9612,3900.0,1589.0,188.0,3895.0,3906.0,1580.0,1598.0
237,SS9612,3751.0,1602.0,190.0,3745.0,3756.0,1593.0,1611.0
238,SS9612,3415.0,1611.0,188.0,3409.0,3420.0,1602.0,1620.0
239,SS9612,3461.0,1614.5,184.0,3455.0,3466.0,1606.0,1623.0
240,SS9612,1085.0,1638.5,184.0,1080.0,1091.0,1630.0,1647.0
241,SS9612,3951.0,1681.0,186.0,3946.0,3957.0,1673.0,1690.0
242,SS9612,3931.0,1688.0,188.0,3925.0,3937.0,1679.0,1697.0
243,SS9612,3907.0,1696.0,188.0,3901.0,3912.0,1687.0,1705.0
244,SS9612,3158.0,1729.0,189.0,3152.0,3164.0,1720.0,1738.0
245,SS9612,3181.0,1730.0,186.0,3176.0,3187.0,1721.0,1739.0
246,SS9612,3213.0,1731.0,189.0,3207.0,3219.0,1722.0,1740.0
247,SS9612,3466.0,1749.0,186.0,3461.0,3472.0,1740.0,1758.0
248,SS9612,3090.0,1750.0,187.0,3085.0,3096.0,1741.0,1759.0
249,SS9612,3302.0,1751.0,187.0,3297.0,3308.0,1742.0,1760.0
250,SS9612,3506.0,1751.0,190.0,3501.0,3512.0,1742.0,1760.0
251,SS9612,3561.0,1751.0,188.0,3556.0,3567.0,1742.0,1760.0
252,SS9612,3774.0,1753.0,188.0,3769.0,3780.0,1744.0,1762.0
253,SS9612,3840.5,1756.0,186.0,3835.0,3846.0,1747.0,1765.0
254,SS9612,3351.5,1757.5,186.0,3346.0,3357.0,1749.0,1766.0
255,SS9612,3959.0,1779.0,188.0,3953.0,3964.0,1770.0,1788.0
256,SS9612,2070.0,1779.5,186.0,2064.0,2075.0,1771.0,1788.0
257,SS9612,2037.0,1781.0,190.0,2031.0,2043.0,1772.0,1790.0
258,SS9612,2726.0,1798.0,185.0,2720.0,2731.0,1789.0,1807.0
259,SS9612,2670.0,1806.0,184.0,2664.0,2675.0,1797.0,1815.0
260,SS9612,2628.0,1814.0,189.0,2622.0,2634.0,1805.0,1823.0
261,SS9612,1290.0,1831.0,186.0,1284.0,1295.0,1822.0,1840.0
262,SS9612,3367.0,1860.0,187.0,3362.0,3373.0,1851.0,1869.0
263,SS9612,3397.0,1861.0,189.0,3391.0,3403.0,1852.0,1870.0
264,SS9612,3576.0,1864.0,185.0,3570.0,3581.0,1855.0,1873.0
265,SS9612,3692.0,1864.0,188.0,3686.0,3698.0,1856.0,1873.0
266,SS9612,3186.0,1868.0,188.0,3181.0,3192.0,1859.0,1877.0
267,SS9612,3853.0,1868.0,188.0,3848.0,3859.0,1859.0,1877.0
268,SS9612,1932.0,1884.0,188.0,1926.0,1937.0,1875.0,1893.0
269,SS9612,1843.0,1955.5,186.0,1838.0,1849.0,1947.0,1964.0
270,SS9612,3452.0,1968.0,184.0,3446.0,3457.0,1959.0,1977.0
271,SS9612,3575.0,2013.0,187.0,3569.0,3580.0,2004.0,2022.0
272,SS9612,1663.0,2028.0,190.0,1657.0,1669.0,2019.0,2037.0
273,SS9612,1631.0,2035.0,190.0,1626.0,1637.0,2026.0,2044.0
274,SS9612,2727.0,2043.0,189.0,2721.0,2733.0,2034.0,2052.0
275,SS9612,1602.0,2045.0,187.0,1596.0,1607.0,2036.0,2054.0
276,SS9612,3853.0,2059.0,188.0,3848.0,3859.0,2050.0,2068.0
277,SS9612,1547.0,2065.0,190.0,1541.0,1553.0,2056.0,2074.0
278,SS9612,2734.0,2067.0,187.0,2728.0,2740.0,2058.0,2076.0
279,SS9612,2744.0,2085.0,188.0,2739.0,2750.0,2076.0,2094.0
280,SS9612,1923.0,2088.0,189.0,1917.0,1929.0,2079.0,2097.0
281,SS9612,2600.0,2101.0,368.0,2591.0,2609.0,2085.0,2117.0
282,SS9612,2291.0,2099.0,187.0,2285.0,2297.0,2090.0,2108.0
283,SS9612,2755.0,2106.0,187.0,2749.0,2761.0,2097.0,2115.0
284,SS9612,2761.0,2126.0,187.0,2755.0,2766.0,2117.0,2135.0
285,SS9612,2613.0,2128.0,188.0,2607.0,2618.0,2119.0,2137.0
286,SS9612,1862.0,2167.0,183.0,1856.0,1867.0,2159.0,2176.0
287,SS9612,1813.0,2176.0,187.0,1808.0,1819.0,2167.0,2185.0
288,SS9612,2797.0,2200.0,188.0,2791.0,2803.0,2191.0,2209.0
289,SS9612,2185.0,2214.0,185.0,2180.0,2191.0,2206.0,2223.0
290,SS9612,1609.0,2226.0,186.0,1604.0,1615.0,2217.0,2235.0
291,SS9612,1700.0,2226.0,189.0,1694.0,1706.0,2217.0,2235.0
292,SS9612,1659.0,2229.0,189.0,1653.0,1665.0,2220.0,2238.0
293,SS9612,1562.0,2234.0,185.0,1557.0,1568.0,2226.0,2243.0
294,SS9612,1933.0,2235.0,189.0,1927.0,1939.0,2226.0,2244.0
295,SS9612,2878.0,2243.0,188.0,2873.0,2884.0,2234.0,2252.0
296,SS9612,1853.5,2244.0,186.0,1848.0,1859.0,2235.0,2253.0
297,SS9612,3631.0,2246.0,189.0,3625.0,3636.0,2237.0,2255.0
298,SS9612,3656.0,2249.5,186.0,3650.0,3662.0,2241.0,2258.0
299,SS9612,3995.0,2253.0,153.0,3991.0,3999.0,2244.0,2262.0
300,SS9612,3681.0,2254.0,188.0,3676.0,3687.0,2245.0,2263.0
301,SS9612,3750.0,2265.0,190.0,3744.0,3756.0,2256.0,2274.0
302,SS9612,3016.0,2266.0,185.0,3010.0,3022.0,2258.0,2275.0
303,SS9612,2290.0,2280.0,187.0,2284.0,2295.0,2271.0,2289.0
304,SS9612,2318.0,2289.0,188.0,2312.0,2323.0,2280.0,2298.0
305,SS9612,2386.0,2288.5,184.0,2381.0,2392.0,2280.0,2297.0
306,SS9612,2994.0,2289.0,183.0,2988.0,2999.0,2280.0,2297.0
307,SS9612,2696.0,2299.0,187.0,2691.0,2702.0,2290.0,2308.0
308,SS9612,2718.0,2337.0,190.0,2712.0,2724.0,2328.0,2346.0
309,SS9612,2925.0,2346.0,187.0,2919.0,2930.0,2337.0,2355.0
310,SS9612,2130.0,2362.0,185.0,2125.0,2136.0,2354.0,2371.0
311,SS9612,2036.0,2373.0,181.0,2030.0,2041.0,2364.0,2381.0
312,SS9612,2008.0,2374.0,189.0,2002.0,2014.0,2365.0,2383.0
313,SS9612,2239.0,2375.0,187.0,2233.0,2244.0,2366.0,2384.0
314,SS9612,2421.0,2402.0,189.0,2415.0,2427.0,2393.0,2411.0
315,SS9612,2697.0,2468.0,189.0,2692.0,2703.0,2459.0,2477.0
316,SS9612,2814.0,2499.5,186.0,2809.0,2820.0,2491.0,2508.0
317,SS9612,2559.0,2535.0,188.0,2553.0,2564.0,2526.0,2544.0
318,SS9612,1449.0,2697.0,188.0,1443.0,1455.0,2688.0,2706.0
319,SS9612,2614.0,2820.0,189.0,2608.0,2620.0,2811.0,2829.0
320,SS9612,3694.0,2848.0,185.0,3689.0,3700.0,2839.0,2857.0
321,SS9612,3546.0,3226.0,186.0,3540.0,3551.0,3217.0,3235.0
322,SS9612,3325.0,3487.0,187.0,3319.0,3330.0,3478.0,3496.0
323,SS9612,3467.0,3547.0,185.0,3461.0,3472.0,3538.0,3556.0
324,SS9612,3981.0,3815.0,190.0,3975.0,3986.0,3806.0,3824.0
325,SS9612,3117.0,3818.0,185.0,3112.0,3123.0,3809.0,3827.0
326,SS9612,3963.0,3854.0,188.0,3957.0,3968.0,3845.0,3863.0
327,SS9612,3629.5,3902.0,188.0,3624.0,3635.0,3893.0,3911.0
328,SS9612,3812.0,3931.0,186.0,3806.0,3817.0,3922.0,3940.0
329,SS9613,3309.0,533.0,189.0,3303.0,3315.0,524.0,542.0
330,SS9613,2467.0,793.0,183.0,2462.0,2473.0,784.0,801.0
331,SS9613,3355.0,955.0,190.0,3349.0,3361.0,946.0,964.0
332,SS9613,3331.0,971.0,190.0,3326.0,3337.0,962.0,980.0
333,SS9613,3537.0,1739.0,185.0,3531.0,3543.0,1731.0,1748.0
334,SS9613,509.0,1784.0,185.0,503.0,515.0,1775.0,1792.0
335,SS9613,39.0,2008.0,189.0,33.0,45.0,1999.0,2017.0
336,SS9613,1907.0,2109.0,186.0,1902.0,1913.0,2100.0,2118.0
337,SS9613,168.0,2115.0,188.0,162.0,174.0,2106.0,2124.0
338,SS9613,1855.0,2134.0,186.0,1849.0,1860.0,2125.0,2143.0
339,SS9613,60.0,2137.0,188.0,55.0,66.0,2128.0,2146.0
340,SS9613,1808.0,2158.0,188.0,1802.0,1813.0,2149.0,2167.0
341,SS9613,1786.0,2167.0,187.0,1780.0,1791.0,2158.0,2176.0
342,SS9613,2123.0,2170.0,189.0,2117.0,2128.0,2161.0,2179.0
343,SS9613,1993.0,2177.0,183.0,1987.0,1998.0,2169.0,2186.0
344,SS9613,2132.0,2191.0,186.0,2127.0,2138.0,2182.0,2200.0
345,SS9613,1734.0,2196.0,187.0,1729.0,1740.0,2187.0,2205.0
346,SS9613,1718.0,2208.0,187.0,1712.0,1723.0,2199.0,2217.0
347,SS9613,2020.0,2222.0,184.0,2014.0,2025.0,2214.0,2231.0
348,SS9613,1668.0,2230.0,189.0,1662.0,1674.0,2221.0,2239.0
349,SS9613,2553.0,2247.0,185.0,2547.0,2558.0,2238.0,2256.0
350,SS9613,2165.0,2251.0,189.0,2159.0,2171.0,2242.0,2260.0
351,SS9613,2696.0,2254.0,190.0,2690.0,2702.0,2245.0,2263.0
352,SS9613,1601.0,2283.0,187.0,1596.0,1607.0,2274.0,2292.0
353,SS9613,2313.5,2293.0,186.0,2308.0,2319.0,2284.0,2302.0
354,SS9613,2052.0,2295.0,187.0,2046.0,2057.0,2286.0,2304.0
355,SS9613,2300.0,2303.0,189.0,2294.0,2305.0,2294.0,2312.0
356,SS9613,2060.0,2314.0,187.0,2054.0,2065.0,2305.0,2322.0
357,SS9613,2236.0,2333.0,186.0,2230.0,2241.0,2324.0,2342.0
358,SS9613,2219.0,2345.0,183.0,2213.0,2225.0,2336.0,2353.0
359,SS9613,2796.0,2370.0,185.0,2790.0,2801.0,2361.0,2378.0
360,SS9613,310.0,2410.0,190.0,304.0,316.0,2401.0,2419.0
361,SS9613,292.0,2457.0,188.0,287.0,298.0,2448.0,2466.0
362,SS9613,2229.0,2531.0,186.0,2223.0,2234.0,2522.0,2540.0
363,SS9613,2399.0,2540.0,189.0,2393.0,2405.0,2531.0,2549.0
364,SS9613,2201.0,2546.0,188.0,2195.0,2206.0,2537.0,2555.0
365,SS9613,2176.0,2557.0,187.0,2171.0,2182.0,2548.0,2566.0
366,SS9613,2409.0,2562.0,188.0,2404.0,2415.0,2553.0,2571.0
367,SS9613,2421.0,2586.0,185.0,2415.0,2426.0,2577.0,2595.0
368,SS9613,1853.0,2589.0,187.0,1847.0,1858.0,2580.0,2598.0
369,SS9613,2430.0,2609.0,188.0,2425.0,2436.0,2600.0,2618.0
370,SS9613,1802.0,2614.0,189.0,1797.0,1808.0,2605.0,2623.0
371,SS9613,1777.0,2628.0,185.0,1771.0,1783.0,2620.0,2637.0
372,SS9613,1744.0,2644.0,186.0,1738.0,1749.0,2635.0,2652.0
373,SS9613,1727.0,2655.0,189.0,1721.0,1732.0,2646.0,2664.0
374,SS9613,1973.0,2657.0,189.0,1968.0,1979.0,2648.0,2666.0
375,SS9613,2122.0,2679.0,187.0,2117.0,2128.0,2670.0,2688.0
376,SS9613,2343.0,2698.0,186.0,2338.0,2349.0,2689.0,2707.0
377,SS9613,1662.0,2701.0,186.0,1657.0,1668.0,2693.0,2710.0
378,SS9613,2315.0,2709.0,190.0,2309.0,2321.0,2700.0,2718.0
379,SS9613,2436.0,2709.0,188.0,2431.0,2442.0,2700.0,2718.0
380,SS9613,2147.0,2732.0,189.0,2141.0,2153.0,2723.0,2741.0
381,SS9613,2450.0,2744.0,188.0,2444.0,2456.0,2735.0,2753.0
382,SS9613,1757.0,2772.0,187.0,1751.0,1762.0,2763.0,2781.0
383,SS9613,1729.0,2785.5,186.0,1724.0,1735.0,2777.0,2794.0
384,SS9613,2344.0,2828.0,190.0,2339.0,2350.0,2819.0,2837.0
385,SS9613,2767.0,2881.0,189.0,2762.0,2773.0,2872.0,2890.0
386,SS9613,2866.0,2888.0,191.0,2860.0,2872.0,2879.0,2897.0
387,SS9613,2218.0,2889.0,182.0,2212.0,2223.0,2880.0,2898.0
388,SS9613,1935.5,2893.5,186.0,1930.0,1941.0,2885.0,2902.0
389,SS9613,2797.0,2893.0,183.0,2792.0,2803.0,2885.0,2902.0
390,SS9613,2903.5,2900.0,186.0,2898.0,2909.0,2891.0,2909.0
391,SS9613,2479.0,2903.0,188.0,2473.0,2484.0,2894.0,2912.0
392,SS9613,2445.0,2919.0,188.0,2439.0,2451.0,2910.0,2928.0
393,SS9613,1873.0,2934.0,184.0,1867.0,1878.0,2925.0,2943.0
394,SS9613,2748.0,2986.0,183.0,2742.0,2753.0,2978.0,2995.0
395,SS9613,2156.0,3027.0,183.0,2151.0,2162.0,3018.0,3036.0
396,SS9613,1615.0,3030.0,189.0,1609.0,1621.0,3021.0,3039.0
397,SS9613,2305.0,3046.0,188.0,2300.0,2311.0,3037.0,3055.0
398,SS9613,2168.0,3056.0,189.0,2162.0,2173.0,3047.0,3065.0
399,SS9613,1637.0,3066.0,189.0,1631.0,1643.0,3057.0,3075.0
400,SS9613,2178.0,3074.0,187.0,2172.0,2184.0,3065.0,3083.0
401,SS9613,1656.0,3090.0,183.0,1651.0,1662.0,3081.0,3099.0
402,SS9613,1673.0,3119.0,185.0,1667.0,1679.0,3110.0,3127.0
403,SS9613,1428.0,3120.0,186.0,1423.0,1434.0,3112.0,3129.0
404,SS9613,2363.0,3128.0,187.0,2358.0,2369.0,3119.0,3137.0
405,SS9613,1396.0,3136.0,188.0,1391.0,1402.0,3127.0,3145.0
406,SS9613,2382.5,3143.0,188.0,2377.0,2388.0,3134.0,3152.0
407,SS9613,1364.0,3156.0,188.0,1358.0,1369.0,3147.0,3165.0
408,SS9613,1702.0,3162.0,188.0,1697.0,1708.0,3153.0,3171.0
409,SS9613,1564.0,3169.0,190.0,1558.0,1570.0,3160.0,3178.0
410,SS9613,1338.0,3171.0,188.0,1332.0,1343.0,3162.0,3180.0
411,SS9613,1727.0,3194.0,187.0,1721.0,1732.0,3185.0,3203.0
412,SS9613,1297.0,3195.0,184.0,1292.0,1303.0,3186.0,3204.0
413,SS9613,2606.0,3195.0,186.0,2600.0,2611.0,3186.0,3204.0
414,SS9613,1581.0,3199.0,185.0,1575.0,1586.0,3190.0,3208.0
415,SS9613,1270.0,3211.0,187.0,1265.0,1276.0,3202.0,3220.0
416,SS9613,1463.0,3211.0,184.0,1457.0,1468.0,3202.0,3220.0
417,SS9613,1746.0,3224.0,189.0,1740.0,1751.0,3215.0,3233.0
418,SS9613,1600.0,3229.0,186.0,1594.0,1605.0,3220.0,3238.0
419,SS9613,1238.0,3230.0,185.0,1232.0,1243.0,3221.0,3238.0
420,SS9613,1432.0,3230.0,188.0,1426.0,1437.0,3221.0,3239.0
421,SS9613,1985.0,3233.0,188.0,1980.0,1991.0,3224.0,3242.0
422,SS9613,1208.0,3245.0,183.0,1202.0,1213.0,3237.0,3254.0
423,SS9613,624.0,3247.0,189.0,618.0,629.0,3238.0,3256.0
424,SS9613,1968.0,3247.0,188.0,1963.0,1974.0,3238.0,3256.0
425,SS9613,1487.0,3248.0,191.0,1481.0,1493.0,3239.0,3257.0
426,SS9613,1760.0,3250.0,187.0,1755.0,1766.0,3241.0,3259.0
427,SS9613,1615.0,3255.0,189.0,1610.0,1621.0,3246.0,3264.0
428,SS9613,1340.0,3269.0,188.0,1335.0,1346.0,3260.0,3278.0
429,SS9613,499.0,3274.0,190.0,493.0,504.0,3265.0,3283.0
430,SS9613,1504.0,3274.0,189.0,1498.0,1509.0,3265.0,3283.0
431,SS9613,1926.0,3277.0,188.0,1921.0,1932.0,3268.0,3286.0
432,SS9613,1678.0,3280.0,185.0,1672.0,1684.0,3272.0,3289.0
433,SS9613,514.0,3296.0,184.0,509.0,520.0,3287.0,3305.0
434,SS9613,1648.0,3297.0,187.0,1643.0,1654.0,3288.0,3306.0
435,SS9613,1358.0,3301.0,189.0,1352.0,1363.0,3292.0,3310.0
436,SS9613,2563.0,3311.0,186.0,2557.0,2568.0,3302.0,3320.0
437,SS9613,759.0,3312.0,189.0,753.0,765.0,3303.0,3321.0
438,SS9613,1377.0,3335.0,187.0,1372.0,1383.0,3326.0,3344.0
439,SS9613,2614.0,3344.0,185.0,2608.0,2620.0,3335.0,3352.0
440,SS9613,1703.0,3345.0,188.0,1698.0,1709.0,3336.0,3354.0
441,SS9613,1567.0,3347.0,188.0,1561.0,1572.0,3338.0,3356.0
442,SS9613,1393.5,3360.5,186.0,1388.0,1399.0,3352.0,3369.0
443,SS9613,1538.0,3364.0,186.0,1533.0,1544.0,3355.0,3373.0
444,SS9613,1245.0,3366.0,186.0,1239.0,1250.0,3357.0,3375.0
445,SS9613,1720.0,3371.0,190.0,1714.0,1726.0,3362.0,3380.0
446,SS9613,725.0,3380.0,184.0,720.0,731.0,3371.0,3389.0
447,SS9613,1220.0,3380.0,184.0,1215.0,1226.0,3372.0,3389.0
448,SS9613,1506.0,3385.0,186.0,1501.0,1512.0,3376.0,3394.0
449,SS9613,1197.0,3395.0,187.0,1191.0,1202.0,3386.0,3404.0
450,SS9613,1479.0,3398.0,188.0,1474.0,1485.0,3389.0,3407.0
451,SS9613,1174.0,3409.0,186.0,1169.0,1180.0,3400.0,3418.0
452,SS9613,776.0,3432.5,184.0,771.0,782.0,3424.0,3441.0
453,SS9613,1108.0,3443.0,189.0,1102.0,1114.0,3434.0,3452.0
454,SS9613,1262.0,3471.0,187.0,1256.0,1267.0,3462.0,3480.0
455,SS9613,1123.0,3472.0,189.0,1117.0,1128.0,3463.0,3481.0
456,SS9613,1138.0,3497.0,189.0,1132.0,1144.0,3488.0,3506.0
457,SS9613,1024.0,3500.0,190.0,1018.0,1030.0,3491.0,3509.0
458,SS9613,1148.0,3518.0,188.0,1142.0,1154.0,3509.0,3527.0
459,SS9613,1037.0,3527.0,187.0,1031.0,1043.0,3518.0,3535.0
460,SS9613,1286.0,3551.0,188.0,1281.0,1292.0,3542.0,3560.0
461,SS9613,800.0,3556.0,189.0,795.0,806.0,3547.0,3565.0
462,SS9613,746.0,3572.0,188.0,740.0,751.0,3563.0,3581.0
463,SS9613,702.0,3582.0,186.0,697.0,708.0,3573.0,3591.0
464,SS9613,1401.0,3582.0,189.0,1395.0,1407.0,3573.0,3591.0
465,SS9613,1218.0,3584.0,188.0,1213.0,1224.0,3575.0,3593.0
466,SS9613,1198.0,3600.0,184.0,1192.0,1203.0,3591.0,3609.0
467,SS9613,1419.0,3604.0,188.0,1413.0,1424.0,3595.0,3613.0
468,SS9613,1433.0,3630.0,188.0,1427.0,1438.0,3621.0,3639.0
469,SS9613,513.0,3680.0,188.0,508.0,519.0,3671.0,3689.0
470,SS9613,1468.0,3692.0,185.0,1463.0,1474.0,3684.0,3701.0
471,SS9613,483.0,3698.0,189.0,477.0,488.0,3689.0,3707.0
472,SS9613,1442.0,3706.0,185.0,1436.0,1447.0,3697.0,3714.0
473,SS9613,806.0,3734.0,190.0,800.0,811.0,3725.0,3743.0
474,SS9613,787.0,3741.0,189.0,781.0,792.0,3732.0,3750.0
475,SS9613,769.0,3750.0,188.0,764.0,775.0,3741.0,3759.0
476,SS9613,749.0,3762.0,187.0,743.0,754.0,3753.0,3771.0
477,SS9613,1032.0,3831.0,188.0,1026.0,1037.0,3822.0,3840.0
478,SS9613,927.0,3871.0,185.0,921.0,932.0,3862.0,3879.0
479,SS9613,836.5,3892.0,186.0,831.0,842.0,3883.0,3901.0
480,SS9613,670.0,3929.0,188.0,665.0,676.0,3920.0,3938.0
481,SS9613,1460.0,3938.0,187.0,1455.0,1466.0,3929.0,3947.0
482,SS9613,1437.0,3954.0,186.0,1431.0,1442.0,3945.0,3963.0
483,SS9617,2068.0,42.0,68947.0,1722.0,2628.0,0.0,105.0
484,SS9618,2223.0,3873.0,243546.0,1657.0,2686.0,3679.0,3999.0
485,SS9707,1772.0,47.0,25475.0,1648.0,1933.0,0.0,142.0
486,SS9708,1784.0,3947.0,27844.0,1624.0,1913.0,3848.0,3999.0
487,SS9711,342.0,193.0,185.0,337.0,348.0,185.0,202.0
488,SS9711,143.0,252.0,188.0,137.0,148.0,243.0,261.0
489,SS9712,147.0,1476.0,189.0,142.0,153.0,1467.0,1485.0
490,SS9712,167.0,1476.5,184.0,161.0,172.0,1468.0,1485.0
491,SS9712,337.0,1478.0,187.0,331.0,342.0,1469.0,1487.0
492,SS9712,447.5,1514.5,186.0,442.0,453.0,1506.0,1523.0
493,SS9712,477.0,1538.0,184.0,472.0,483.0,1529.0,1547.0
494,SS9712,60.0,1568.0,189.0,54.0,66.0,1559.0,1577.0
495,SS9712,120.0,1568.0,188.0,115.0,126.0,1559.0,1577.0
496,SS9712,200.0,1568.0,189.0,194.0,205.0,1559.0,1577.0
497,SS9712,139.0,1568.0,185.0,134.0,145.0,1560.0,1577.0
498,SS9712,260.0,1571.0,191.0,254.0,266.0,1562.0,1580.0
499,SS9712,369.0,1585.0,189.0,364.0,375.0,1576.0,1594.0
500,SS9712,415.0,1608.0,186.0,409.0,420.0,1599.0,1617.0
501,SS9712,36.0,1660.0,188.0,31.0,42.0,1651.0,1669.0
502,SS9712,100.0,1660.0,183.0,94.0,105.0,1651.0,1668.0
503,SS9712,242.0,1665.0,185.0,237.0,248.0,1656.0,1674.0
504,SS9712,494.0,1697.0,184.0,488.0,499.0,1688.0,1706.0
505,SS9712,99.0,1787.5,184.0,93.0,104.0,1779.0,1796.0
506,SS9712,2321.0,1919.0,188.0,2315.0,2327.0,1910.0,1928.0
507,SS9712,488.0,1962.0,190.0,482.0,493.0,1953.0,1971.0
508,SS9712,660.0,2034.0,186.0,654.0,665.0,2025.0,2043.0
509,SS9712,128.0,2169.0,188.0,122.0,133.0,2160.0,2178.0
510,SS9712,2277.0,2178.0,187.0,2271.0,2282.0,2169.0,2187.0
511,SS9712,2253.0,2248.0,188.0,2247.0,2258.0,2239.0,2257.0
512,SS9712,1.0,2253.0,37.0,0.0,2.0,2245.0,2260.0
513,SS9712,41.0,2331.0,186.0,36.0,47.0,2322.0,2340.0
514,SS9712,21.5,2335.0,186.0,16.0,27.0,2326.0,2344.0
515,SS9712,2855.0,2414.0,188.0,2850.0,2861.0,2405.0,2423.0
516,SS9712,738.0,2453.0,188.0,733.0,744.0,2444.0,2462.0
517,SS9712,757.0,2465.0,189.0,751.0,763.0,2456.0,2474.0
518,SS9712,2877.5,2471.0,186.0,2872.0,2883.0,2462.0,2480.0
519,SS9712,2700.0,2495.0,188.0,2695.0,2706.0,2486.0,2504.0
520,SS9712,626.0,2522.0,191.0,620.0,632.0,2513.0,2531.0
521,SS9712,75.0,2538.0,188.0,69.0,80.0,2529.0,2547.0
522,SS9712,2689.0,2546.0,186.0,2683.0,2694.0,2537.0,2555.0
523,SS9712,2679.0,2598.0,189.0,2673.0,2684.0,2589.0,2607.0
524,SS9712,801.0,2732.0,184.0,795.0,806.0,2723.0,2741.0
525,SS9712,1005.0,2817.0,189.0,999.0,1011.0,2808.0,2826.0
526,SS9712,1064.0,2838.0,188.0,1058.0,1069.0,2829.0,2847.0
527,SS9712,1135.0,2865.5,186.0,1130.0,1141.0,2857.0,2874.0
528,SS9712,83.0,2869.0,185.0,78.0,89.0,2861.0,2878.0
529,SS9712,1157.0,2877.0,188.0,1151.0,1163.0,2868.0,2886.0
530,SS9712,68.0,2877.0,185.0,62.0,74.0,2869.0,2886.0
531,SS9712,285.0,2948.0,188.0,279.0,290.0,2939.0,2957.0
532,SS9712,199.0,3072.0,188.0,194.0,205.0,3063.0,3081.0
533,SS9712,1092.0,3136.0,187.0,1087.0,1098.0,3127.0,3145.0
534,SS9712,508.0,3202.0,188.0,502.0,513.0,3193.0,3211.0
535,SS9712,1021.0,3514.0,185.0,1015.0,1026.0,3505.0,3522.0
536,SS9712,1140.0,3611.0,189.0,1134.0,1145.0,3602.0,3620.0
537,SS9712,1522.0,3619.0,190.0,1516.0,1528.0,3610.0,3628.0
538,SS9712,787.0,3912.0,188.0,782.0,793.0,3903.0,3921.0
539,SS9712,883.0,3965.0,188.0,878.0,889.0,3956.0,3974.0
540,SS9712,92.0,3966.0,188.0,87.0,98.0,3957.0,3975.0
541,SS9801,3440.0,3051.0,211.0,3431.0,3449.0,3042.0,3060.0
542,SS9801,3453.0,3066.0,203.0,3444.0,3462.0,3056.0,3075.0
543,SS9801,3399.0,3072.0,81.0,3392.0,3405.0,3066.0,3078.0
544,SS9801,3466.0,3080.0,205.0,3457.0,3475.0,3071.0,3089.0
545,SS9801,3408.0,3082.0,206.0,3399.0,3417.0,3073.0,3091.0
546,SS9801,3479.0,3095.0,206.0,3470.0,3488.0,3086.0,3104.0
547,SS9801,3422.0,3097.0,206.0,3412.0,3431.0,3088.0,3106.0
548,SS9801,3492.0,3109.5,210.0,3483.0,3502.0,3100.0,3119.0
549,SS9801,3438.0,3115.0,384.0,3425.0,3451.0,3101.0,3129.0
550,SS9801,3506.0,3124.0,212.0,3497.0,3515.0,3115.0,3134.0
551,SS9801,3516.0,3135.0,92.0,3509.0,3523.0,3129.0,3142.0
552,SS9903,3193.0,751.0,186.0,3188.0,3199.0,742.0,760.0
553,SS9903,3993.0,1073.0,191.0,3987.0,3999.0,1064.0,1082.0
554,SS9903,3487.0,1092.0,189.0,3481.0,3493.0,1083.0,1101.0
555,SS9903,3024.0,1189.0,189.0,3018.0,3030.0,1180.0,1198.0
556,SS9903,1000.0,1439.0,185.0,994.0,1006.0,1430.0,1447.0
557,SS9903,916.0,1472.0,185.0,910.0,921.0,1463.0,1481.0
558,SS9903,2006.0,1520.0,189.0,2000.0,2012.0,1511.0,1529.0
559,SS9903,1773.0,1691.0,190.0,1767.0,1779.0,1682.0,1700.0
560,SS9903,1802.0,1707.0,185.0,1796.0,1807.0,1699.0,1716.0
561,SS9903,1828.0,1723.0,188.0,1822.0,1833.0,1714.0,1732.0
562,SS9903,1865.0,1753.0,191.0,1859.0,1871.0,1744.0,1762.0
563,SS9903,1873.0,1778.0,190.0,1867.0,1879.0,1769.0,1787.0
564,SS9903,1886.0,1808.0,189.0,1881.0,1892.0,1799.0,1817.0
565,SS9903,1986.0,1818.0,189.0,1980.0,1992.0,1810.0,1827.0
566,SS9903,1960.0,1838.0,183.0,1954.0,1966.0,1829.0,1846.0
567,SS9903,1885.0,1932.0,187.0,1879.0,1890.0,1923.0,1941.0
568,SS9903,1860.0,1955.0,189.0,1854.0,1866.0,1946.0,1964.0
569,SS9903,1838.0,1986.0,186.0,1832.0,1843.0,1977.0,1995.0
570,SS9903,1815.0,2010.0,188.0,1810.0,1821.0,2001.0,2019.0
571,SS9903,2557.0,2424.0,186.0,2551.0,2563.0,2415.0,2432.0
572,SS9903,2618.0,2464.0,187.0,2612.0,2623.0,2455.0,2473.0
573,SS9906,3464.0,1673.0,399666.0,2782.0,3999.0,1429.0,1899.0
574,ST0003,156.0,555.0,187.0,151.0,162.0,546.0,564.0
575,ST0004,564.0,2750.0,188.0,558.0,569.0,2741.0,2759.0
576,ST0004,595.0,2788.0,183.0,589.0,600.0,2779.0,2797.0
577,ST0004,656.0,2848.0,185.0,650.0,661.0,2839.0,2856.0
578,ST0004,637.0,2858.5,184.0,632.0,643.0,2850.0,2867.0
579,ST0004,586.0,2909.0,186.0,581.0,592.0,2900.0,2918.0
580,ST0004,371.0,2940.0,189.0,366.0,377.0,2931.0,2949.0
581,ST0004,507.0,2963.0,188.0,501.0,512.0,2954.0,2972.0
582,ST0004,523.0,2982.0,189.0,517.0,529.0,2973.0,2991.0
583,ST0004,366.0,3205.0,188.0,360.0,372.0,3196.0,3214.0
584,ST0004,222.0,3507.0,189.0,216.0,228.0,3498.0,3516.0
585,ST0006,264.0,1535.0,184711.0,0.0,600.0,1339.0,1882.0
586,ST0103,2527.0,1402.0,1758638.0,1301.0,3694.0,143.0,2531.0
587,ST0106,3265.0,104.0,189.0,3259.0,3270.0,95.0,113.0
588,ST0106,3228.0,108.0,187.0,3222.0,3234.0,99.0,117.0
589,ST0106,3331.0,125.0,186.0,3325.0,3337.0,116.0,133.0
590,ST0106,3069.0,126.0,183.0,3064.0,3075.0,117.0,134.0
591,ST0106,2906.0,169.0,188.0,2900.0,2912.0,160.0,178.0
592,ST0106,2883.0,182.0,191.0,2877.0,2889.0,173.0,191.0
593,ST0106,2502.0,216.0,186.0,2496.0,2507.0,207.0,225.0
594,ST0106,2476.0,224.0,189.0,2470.0,2481.0,215.0,233.0
595,ST0106,3110.0,239.0,188.0,3104.0,3116.0,230.0,247.0
596,ST0106,3173.0,305.0,187.0,3167.0,3178.0,296.0,314.0
597,ST0106,2542.0,318.0,191.0,2536.0,2548.0,309.0,327.0
598,ST0106,2520.0,324.0,190.0,2514.0,2526.0,315.0,333.0
599,ST0106,3201.0,337.5,184.0,3195.0,3206.0,329.0,346.0
600,ST0106,3052.0,510.0,189.0,3046.0,3058.0,501.0,519.0
601,ST0106,3003.0,521.0,188.0,2997.0,3008.0,512.0,530.0
602,ST0106,2489.0,546.0,189.0,2484.0,2495.0,537.0,555.0
603,ST0106,2513.0,557.0,187.0,2507.0,2518.0,548.0,566.0
604,ST0106,3101.0,873.0,189.0,3095.0,3107.0,864.0,882.0
605,ST0106,3065.0,884.0,185.0,3060.0,3071.0,876.0,893.0
606,ST0106,3007.0,1112.0,3343.0,2963.0,3051.0,1081.0,1143.0
607,ST0106,3048.0,1286.0,188.0,3042.0,3054.0,1277.0,1295.0
608,ST0106,2759.0,1338.0,187.0,2754.0,2765.0,1329.0,1347.0
609,ST0106,2678.0,1373.0,189.0,2672.0,2683.0,1364.0,1382.0
610,ST0106,3392.0,1793.0,188.0,3386.0,3398.0,1784.0,1802.0
611,ST0106,2155.0,1799.0,186.0,2149.0,2161.0,1790.0,1808.0
612,ST0106,1959.0,1878.5,186.0,1954.0,1965.0,1870.0,1887.0
613,ST0106,3957.5,1928.5,186.0,3952.0,3963.0,1920.0,1937.0
614,ST0106,2896.5,1946.0,186.0,2891.0,2902.0,1937.0,1955.0
615,ST0106,2358.0,1965.0,187.0,2353.0,2364.0,1956.0,1974.0
616,ST0106,3920.0,2141.0,188.0,3915.0,3926.0,2132.0,2150.0
617,ST0106,3981.0,2224.0,186.0,3975.0,3986.0,2215.0,2233.0
618,ST0106,3816.0,2260.0,185.0,3810.0,3821.0,2251.0,2268.0
619,ST0106,3912.0,2261.0,188.0,3906.0,3917.0,2252.0,2270.0
620,ST0107,963.0,1578.0,400.0,946.0,980.0,1570.0,1586.0
621,ST0107,647.0,1605.0,353.0,631.0,663.0,1599.0,1611.0
622,ST0107,1538.0,1631.0,297.0,1524.0,1551.0,1626.0,1637.0
623,ST0107,3657.0,1739.0,187.0,3652.0,3663.0,1730.0,1748.0
624,ST0107,3621.0,1767.0,188.0,3616.0,3627.0,1758.0,1776.0
625,ST0107,3384.0,1806.0,186.0,3379.0,3390.0,1797.0,1815.0
626,ST0107,3996.0,1815.0,118.0,3993.0,3999.0,1806.0,1824.0
627,ST0107,3360.0,1818.0,188.0,3354.0,3365.0,1809.0,1827.0
628,ST0107,3978.0,1838.0,189.0,3972.0,3984.0,1829.0,1847.0
629,ST0107,3249.0,1856.0,186.0,3243.0,3254.0,1847.0,1865.0
630,ST0107,3956.0,1861.0,187.0,3951.0,3962.0,1853.0,1870.0
631,ST0107,3811.0,1867.0,187.0,3805.0,3816.0,1858.0,1876.0
632,ST0107,3118.0,1876.0,185.0,3112.0,3123.0,1867.0,1885.0
633,ST0107,3793.0,1880.0,191.0,3787.0,3799.0,1871.0,1889.0
634,ST0107,3100.0,1881.0,188.0,3094.0,3105.0,1872.0,1890.0
635,ST0107,3775.0,1895.0,188.0,3770.0,3781.0,1886.0,1904.0
636,ST0107,691.0,1898.0,227.0,682.0,700.0,1890.0,1906.0
637,ST0107,2987.0,1900.0,187.0,2981.0,2992.0,1891.0,1909.0
638,ST0107,1386.0,1909.0,438.0,1370.0,1402.0,1895.0,1924.0
639,ST0107,788.0,1925.0,363.0,772.0,808.0,1918.0,1933.0
640,ST0107,3368.0,1929.0,190.0,3363.0,3374.0,1920.0,1938.0
641,ST0107,3348.0,1939.0,187.0,3343.0,3354.0,1930.0,1948.0
642,ST0107,3187.0,1975.0,188.0,3181.0,3192.0,1966.0,1984.0
643,ST0107,3144.0,1984.0,188.0,3138.0,3149.0,1975.0,1993.0
644,ST0107,3074.0,1996.0,189.0,3068.0,3080.0,1987.0,2005.0
645,ST0107,3055.0,2001.0,189.0,3049.0,3061.0,1992.0,2010.0
646,ST0107,3673.0,2001.0,187.0,3667.0,3678.0,1992.0,2010.0
647,ST0107,3655.0,2022.0,189.0,3649.0,3661.0,2013.0,2031.0
648,ST0107,3635.0,2041.0,189.0,3629.0,3641.0,2032.0,2050.0
649,ST0107,3481.5,2694.0,186.0,3476.0,3487.0,2685.0,2703.0
650,ST0107,1457.0,2937.0,97.0,1454.0,1460.0,2929.0,2945.0
651,ST0107,1351.5,2937.0,104.0,1343.0,1360.0,2933.0,2940.0
652,ST0107,1332.0,2943.0,83.0,1326.0,1339.0,2939.0,2946.0
653,ST0107,1310.0,2946.5,104.0,1302.0,1318.0,2943.0,2950.0
654,ST0107,1470.0,2955.0,100.0,1467.0,1473.0,2946.0,2964.0
655,ST0107,1473.0,2974.0,102.0,1469.0,1476.0,2966.0,2983.0
656,ST0107,1398.0,3045.0,102.0,1394.0,1401.0,3037.0,3054.0
657,ST0107,1488.0,3044.0,118.0,1479.0,1497.0,3037.0,3051.0
658,ST0107,1504.0,3056.0,57.0,1500.0,1509.0,3051.0,3060.0
659,ST0107,1513.0,3062.0,30.0,1510.0,1516.0,3059.0,3065.0
660,ST0107,1401.0,3067.0,74.0,1398.0,1404.0,3061.0,3073.0
661,ST0107,1535.0,3065.0,54.0,1531.0,1540.0,3062.0,3068.0
662,ST0107,1368.0,3098.0,95.0,1365.0,1372.0,3089.0,3106.0
663,ST0107,637.0,3106.0,145.0,629.0,646.0,3096.0,3116.0
664,ST0107,1372.0,3118.0,96.0,1368.0,1375.0,3110.0,3127.0
665,ST0107,621.0,3132.0,94.0,615.0,628.0,3126.0,3138.0
666,ST0107,1375.0,3139.0,95.0,1372.0,1379.0,3131.0,3148.0
667,ST0107,605.0,3144.0,97.0,599.0,612.0,3138.0,3150.0
668,ST0107,1098.0,3158.0,194.0,1090.0,1105.0,3144.0,3172.0
669,ST0107,575.0,3151.0,65.0,570.0,580.0,3145.0,3157.0
670,ST0107,1082.0,3155.0,197.0,1073.0,1090.0,3147.0,3163.0
671,ST0107,646.0,3205.0,114.0,639.0,654.0,3196.0,3214.0
672,ST0107,3275.0,3380.0,188.0,3269.0,3281.0,3371.0,3389.0
673,ST0107,3306.0,3382.0,189.0,3300.0,3312.0,3373.0,3390.0
674,ST0107,3903.0,3389.0,188.0,3897.0,3908.0,3380.0,3398.0
675,ST0107,3840.0,3394.0,190.0,3834.0,3846.0,3385.0,3403.0
676,ST0107,3805.0,3398.0,189.0,3799.0,3811.0,3389.0,3407.0
677,ST0107,863.0,3412.0,94.0,859.0,866.0,3404.0,3420.0
678,ST0107,866.0,3430.0,71.0,863.0,869.0,3424.0,3437.0
679,ST0107,895.0,3456.0,68.0,889.0,901.0,3453.0,3460.0
680,ST0107,873.0,3489.0,71.0,870.0,876.0,3483.0,3495.0
681,ST0107,966.0,3542.5,102.0,962.0,969.0,3534.0,3551.0
682,ST0107,895.0,3545.0,122.0,886.0,905.0,3538.0,3552.0
683,ST0107,916.0,3559.0,133.0,906.0,926.0,3552.0,3567.0
684,ST0107,854.0,3620.0,300.0,839.0,871.0,3613.0,3628.0
685,ST0107,3454.0,3683.0,187.0,3449.0,3460.0,3675.0,3692.0
686,ST0107,3485.0,3697.0,187.0,3479.0,3490.0,3688.0,3706.0
687,ST0107,3512.0,3708.0,187.0,3507.0,3518.0,3699.0,3717.0
688,ST0107,3545.0,3721.0,183.0,3540.0,3551.0,3712.0,3729.0
689,ST0107,3577.0,3734.0,187.0,3571.0,3582.0,3725.0,3743.0
690,ST0107,1283.0,3745.0,83.0,1276.0,1290.0,3742.0,3748.0
691,ST0107,1258.0,3748.0,79.0,1252.0,1264.0,3745.0,3751.0
692,ST0111,3725.0,269.0,362207.0,3241.0,3999.0,0.0,763.0
693,ST0112,3817.0,3855.0,152659.0,3405.0,3999.0,3510.0,3999.0
694,ST0206,978.0,27.0,189.0,972.0,983.0,18.0,36.0
695,ST0206,335.0,132.0,186.0,330.0,341.0,123.0,141.0
696,ST0206,746.0,190.0,189.0,740.0,751.0,181.0,199.0
697,ST0206,952.0,285.0,188.0,946.0,957.0,276.0,294.0
698,ST0206,920.0,286.0,190.0,914.0,926.0,277.0,295.0
699,ST0206,986.0,1028.0,189.0,981.0,992.0,1019.0,1037.0
700,ST0206,845.0,1113.0,4934.0,784.0,907.0,1066.0,1159.0
701,ST0206,1152.0,1146.0,185.0,1146.0,1157.0,1137.0,1154.0
702,ST0206,775.0,1167.0,877.0,754.0,796.0,1149.0,1186.0
703,ST0206,1126.0,1179.0,190.0,1120.0,1132.0,1170.0,1188.0
704,ST0206,1109.0,1190.0,188.0,1104.0,1115.0,1181.0,1199.0
705,ST0206,1076.0,1211.0,188.0,1070.0,1081.0,1202.0,1220.0
706,ST0206,714.0,1217.0,532.0,696.0,733.0,1203.0,1231.0
707,ST0206,1055.0,1217.0,189.0,1049.0,1061.0,1208.0,1226.0
708,ST0206,1028.5,1243.0,186.0,1023.0,1034.0,1234.0,1252.0
709,ST0206,1008.0,1251.0,187.0,1003.0,1014.0,1242.0,1260.0
710,ST0206,1049.0,1358.0,188.0,1043.0,1054.0,1349.0,1367.0
711,ST0206,1029.0,1365.0,187.0,1024.0,1035.0,1356.0,1374.0
712,ST0206,283.0,1821.0,189.0,277.0,289.0,1812.0,1830.0
713,ST0206,63.0,1837.0,186.0,58.0,69.0,1828.0,1846.0
714,ST0206,192.0,1839.0,185.0,187.0,198.0,1831.0,1848.0
715,ST0206,121.0,1960.0,187.0,116.0,127.0,1951.0,1969.0
716,ST0206,321.0,1984.0,186.0,316.0,327.0,1975.0,1993.0
717,ST0206,52.0,2039.0,185.0,46.0,57.0,2030.0,2048.0
718,ST0206,298.0,2041.0,188.0,292.0,303.0,2032.0,2050.0
719,ST0206,148.0,2104.5,186.0,143.0,154.0,2096.0,2113.0
720,ST0206,30.0,2157.0,186.0,24.0,36.0,2148.0,2165.0
721,ST0206,124.0,2188.0,189.0,118.0,129.0,2179.0,2197.0
722,ST0207,450.0,524.0,190.0,444.0,456.0,515.0,533.0
723,ST0207,459.0,540.0,188.0,453.0,464.0,531.0,549.0
724,ST0207,543.0,575.0,186.0,537.0,548.0,566.0,584.0
725,ST0207,557.0,594.5,184.0,551.0,562.0,586.0,603.0
726,ST0207,569.0,610.0,187.0,563.0,574.0,601.0,619.0
727,ST0207,583.0,620.0,187.0,577.0,588.0,611.0,629.0
728,ST0207,384.0,639.0,185.0,379.0,390.0,631.0,648.0
729,ST0207,388.0,661.0,189.0,382.0,393.0,652.0,670.0
730,ST0207,544.0,685.0,187.0,538.0,549.0,676.0,694.0
731,ST0207,525.0,688.0,188.0,519.0,530.0,679.0,697.0
732,ST0207,1457.0,690.0,184.0,1451.0,1462.0,681.0,699.0
733,ST0207,502.0,696.0,189.0,496.0,508.0,687.0,705.0
734,ST0207,58.0,1744.0,185.0,52.0,63.0,1735.0,1752.0
735,ST0207,32.0,1768.0,188.0,27.0,38.0,1759.0,1777.0
736,ST0207,18.0,1789.5,184.0,13.0,24.0,1781.0,1798.0
737,ST0207,1.0,1815.0,68.0,0.0,4.0,1806.0,1823.0
738,ST0207,511.0,2555.0,185.0,505.0,516.0,2546.0,2563.0
739,ST0207,91.0,3431.0,188.0,85.0,96.0,3422.0,3440.0
740,ST0207,123.0,3432.0,189.0,117.0,128.0,3423.0,3441.0
741,ST0207,57.0,3434.0,188.0,52.0,63.0,3425.0,3443.0
742,ST0207,1227.0,3895.0,184.0,1222.0,1233.0,3887.0,3904.0
743,ST0207,837.0,3902.5,186.0,831.0,842.0,3894.0,3911.0
744,ST0207,1257.0,3903.0,188.0,1252.0,1263.0,3894.0,3912.0
745,ST0207,1283.0,3908.0,190.0,1277.0,1289.0,3899.0,3917.0
746,ST0207,793.0,3916.0,188.0,787.0,798.0,3907.0,3925.0
747,ST0209,2531.0,401.0,1172827.0,1503.0,3148.0,0.0,1228.0
748,ST0209,2747.5,1327.5,186.0,2742.0,2753.0,1319.0,1336.0
749,ST0210,2447.0,3792.0,455051.0,1780.0,3046.0,3346.0,3999.0
750,ST0211,312.0,328.0,526957.0,0.0,844.0,0.0,893.0
751,ST0212,1492.0,2922.0,3256.0,1393.0,1591.0,2914.0,2931.0
752,ST0212,1504.0,2963.0,3477.0,1392.0,1619.0,2956.0,2971.0
753,ST0212,380.0,3734.0,467749.0,0.0,918.0,3301.0,3999.0
754,ST0310,2015.0,4.0,117.0,2009.0,2020.0,0.0,10.0
755,ST0310,2916.0,17.0,186.0,2910.0,2921.0,8.0,26.0
756,ST0310,1996.0,21.0,187.0,1990.0,2001.0,12.0,30.0
757,ST0310,3381.0,21.0,188.0,3375.0,3386.0,12.0,30.0
758,ST0310,1785.0,30.0,186.0,1779.0,1790.0,21.0,39.0
759,ST0310,1824.0,47.0,186.0,1819.0,1830.0,38.0,56.0
760,ST0310,2893.0,46.0,183.0,2888.0,2899.0,38.0,55.0
761,ST0310,1914.0,117.0,188.0,1908.0,1919.0,108.0,126.0
762,ST0310,3364.0,136.0,186.0,3359.0,3370.0,127.0,145.0
763,ST0310,1935.0,139.0,185.0,1930.0,1941.0,130.0,148.0
764,ST0310,1076.0,371.0,187.0,1071.0,1082.0,362.0,380.0
765,ST0310,1133.0,419.5,184.0,1127.0,1138.0,411.0,428.0
766,ST0310,3989.0,610.0,188.0,3983.0,3994.0,601.0,619.0
767,ST0310,3998.0,716.0,52.0,3996.0,3999.0,708.0,724.0
768,ST0310,3373.0,732.0,188.0,3368.0,3379.0,723.0,741.0
769,ST0310,1373.0,1036.0,187.0,1367.0,1378.0,1027.0,1045.0
770,ST0310,3357.0,1128.0,189.0,3351.0,3363.0,1119.0,1137.0
771,ST0310,3207.0,1180.0,188.0,3201.0,3212.0,1171.0,1189.0
772,ST0310,3391.0,1395.0,188.0,3386.0,3397.0,1386.0,1404.0
773,ST0310,1793.0,1545.0,188.0,1788.0,1799.0,1536.0,1554.0
774,ST0310,2244.0,1818.0,188.0,2238.0,2249.0,1809.0,1827.0
775,ST0310,2548.0,1835.0,190.0,2543.0,2554.0,1826.0,1844.0
776,ST0310,2289.0,1869.0,189.0,2284.0,2295.0,1860.0,1878.0
777,ST0310,2975.5,1921.0,186.0,2970.0,2981.0,1912.0,1930.0
778,ST0310,3123.0,2364.0,183.0,3117.0,3128.0,2355.0,2372.0
779,ST0310,1642.0,2587.0,190.0,1636.0,1648.0,2578.0,2596.0
780,ST0310,2261.0,2807.0,186.0,2255.0,2266.0,2798.0,2816.0
781,ST0310,2571.0,2870.0,185.0,2566.0,2577.0,2862.0,2879.0
782,ST0310,2288.0,2985.0,187.0,2282.0,2293.0,2976.0,2994.0
783,ST0310,988.0,3693.0,188.0,982.0,994.0,3685.0,3702.0
784,ST0310,829.0,3794.0,188.0,823.0,835.0,3785.0,3803.0
785,ST0311,1633.0,2828.0,187.0,1627.0,1638.0,2819.0,2837.0
786,ST0311,2319.0,3404.0,186.0,2313.0,2324.0,3395.0,3413.0
787,ST0311,1493.0,3417.0,185.0,1488.0,1499.0,3409.0,3426.0
788,ST0311,1562.0,3489.0,183.0,1557.0,1568.0,3481.0,3498.0
789,ST0311,1430.0,3500.0,190.0,1424.0,1436.0,3491.0,3509.0
790,ST0311,1582.0,3509.0,186.0,1577.0,1588.0,3500.0,3518.0
791,ST0311,1445.0,3522.0,187.0,1440.0,1451.0,3513.0,3531.0
792,ST0311,1488.0,3572.0,186.0,1483.0,1494.0,3563.0,3581.0
793,ST0311,2536.0,3615.0,185.0,2530.0,2542.0,3606.0,3623.0
794,ST0311,2271.0,3629.0,188.0,2266.0,2277.0,3620.0,3638.0
795,ST0311,2563.5,3634.5,186.0,2558.0,2569.0,3626.0,3643.0
796,ST0311,1795.0,3639.0,191.0,1789.0,1801.0,3630.0,3648.0
797,ST0311,1434.0,3641.0,186.0,1429.0,1440.0,3632.0,3650.0
798,ST0311,2292.0,3649.0,188.0,2287.0,2298.0,3640.0,3658.0
799,ST0311,1768.0,3663.0,184.0,1762.0,1774.0,3655.0,3672.0
800,ST0311,2314.0,3668.0,188.0,2309.0,2320.0,3659.0,3677.0
801,ST0311,2619.0,3682.0,185.0,2614.0,2625.0,3673.0,3691.0
802,ST0311,1627.0,3685.0,191.0,1622.0,1633.0,3676.0,3694.0
803,ST0311,2338.0,3685.0,188.0,2332.0,2343.0,3676.0,3694.0
804,ST0311,1688.0,3725.0,190.0,1682.0,1693.0,3716.0,3734.0
805,ST0311,1662.0,3747.0,187.0,1657.0,1668.0,3738.0,3756.0
806,ST0311,1629.0,3771.0,187.0,1624.0,1635.0,3763.0,3780.0
807,ST0311,1606.5,3791.0,188.0,1601.0,1612.0,3782.0,3800.0
808,ST0311,1812.0,3791.5,184.0,1806.0,1817.0,3783.0,3800.0
809,ST0311,2061.0,3796.0,188.0,2055.0,2066.0,3787.0,3805.0
810,ST0311,2082.0,3815.0,186.0,2077.0,2088.0,3806.0,3824.0
811,ST0311,1031.0,3833.0,184.0,1026.0,1037.0,3824.0,3842.0
812,ST0311,2109.0,3840.0,190.0,2103.0,2115.0,3831.0,3849.0
813,ST0311,1053.0,3850.0,181.0,1047.0,1058.0,3841.0,3858.0
814,ST0311,2128.0,3860.0,190.0,2123.0,2134.0,3851.0,3869.0
815,ST0311,1956.0,3871.0,189.0,1950.0,1962.0,3862.0,3880.0
816,ST0311,2151.0,3881.0,186.0,2146.0,2157.0,3872.0,3890.0
817,ST0311,1928.0,3900.0,188.0,1923.0,1934.0,3891.0,3909.0
818,ST0311,1912.0,3920.5,186.0,1906.0,1918.0,3912.0,3929.0
819,ST0311,2980.0,3925.0,189.0,2974.0,2986.0,3916.0,3934.0
820,ST0311,2375.0,3927.0,186.0,2370.0,2381.0,3918.0,3936.0
821,ST0311,1888.0,3943.0,182.0,1883.0,1894.0,3935.0,3952.0
822,ST0311,2399.0,3948.0,187.0,2394.0,2405.0,3939.0,3957.0
823,ST0311,2057.0,3953.0,185.0,2051.0,2063.0,3944.0,3962.0
824,ST0311,2955.0,3953.0,188.0,2950.0,2961.0,3944.0,3962.0
825,ST0311,2036.0,3976.0,186.0,2030.0,2041.0,3967.0,3984.0
826,ST0311,2427.0,3977.0,190.0,2422.0,2433.0,3968.0,3986.0
827,ST0311,2937.0,3976.5,184.0,2931.0,2942.0,3968.0,3985.0
828,ST0311,2015.0,3997.0,68.0,2009.0,2020.0,3993.0,3999.0
829,ST0410,3.0,716.0,137.0,0.0,7.0,707.0,725.0
830,ST0411,1596.0,994.0,937220.0,1070.0,2255.0,258.0,1642.0
831,ST0411,454.0,2532.0,188.0,449.0,460.0,2523.0,2541.0
832,ST0515,1299.0,2834.0,1983392.0,213.0,2074.0,1691.0,3637.0
833,ST0709,2571.0,1435.0,410577.0,2103.0,2934.0,1021.0,1788.0
834,ST0716,3084.0,109.0,141494.0,2732.0,3442.0,0.0,373.0
835,ST0717,3075.0,3653.0,605255.0,2656.0,3644.0,3182.0,3999.0
836,ST1120,3942.0,575.0,88632.0,3868.0,3999.0,194.0,980.0
837,ST1120,3960.0,2580.0,189.0,3954.0,3966.0,2571.0,2589.0
838,ST1120,3893.0,2585.0,188.0,3888.0,3899.0,2576.0,2594.0
839,ST1120,3874.0,2587.0,187.0,3869.0,3880.0,2578.0,2596.0
840,ST1120,3925.0,2587.0,184.0,3919.0,3930.0,2578.0,2596.0
841,ST1120,3846.0,2626.0,362.0,3840.0,3853.0,2609.0,2643.0
842,ST1120,3860.0,2651.0,185.0,3854.0,3866.0,2642.0,2660.0
843,ST1120,3693.0,2736.0,187.0,3688.0,3699.0,2727.0,2745.0
844,ST1120,3723.0,2743.0,186.0,3717.0,3728.0,2734.0,2751.0
845,ST1120,3879.0,2808.0,188.0,3873.0,3885.0,2799.0,2817.0
846,ST1120,3659.0,2828.0,187.0,3654.0,3665.0,2819.0,2837.0
847,ST1120,3681.0,2838.0,188.0,3676.0,3687.0,2829.0,2847.0
848,ST1120,3717.0,2842.0,188.0,3711.0,3722.0,2833.0,2851.0
849,ST1120,3772.0,2853.5,184.0,3767.0,3778.0,2845.0,2862.0
850,ST1120,3887.0,2892.0,185.0,3882.0,3893.0,2883.0,2901.0
851,ST1219,3616.0,679.0,185.0,3610.0,3621.0,670.0,687.0
852,ST1219,3320.0,799.0,188.0,3314.0,3325.0,790.0,808.0
853,ST1220,222.0,574.0,352494.0,0.0,677.0,197.0,1023.0
854,ST1220,202.0,2567.5,548.0,192.0,213.0,2542.0,2593.0
855,ST1220,143.0,2743.0,191.0,137.0,149.0,2734.0,2752.0
856,ST1220,121.0,2744.0,185.0,115.0,127.0,2736.0,2753.0
857,ST1220,101.0,2747.0,190.0,95.0,106.0,2738.0,2756.0
858,ST1220,80.0,2748.0,189.0,74.0,86.0,2739.0,2757.0
859,ST1220,58.0,2750.5,186.0,53.0,64.0,2742.0,2759.0
860,ST1308,2715.0,3278.0,862460.0,1813.0,3425.0,2793.0,3820.0
861,ST1500,1718.0,68.0,14320.0,1661.0,1777.0,0.0,140.0
862,ST1501,1716.0,3986.0,2789.0,1659.0,1765.0,3969.0,3999.0
863,ST2014,1549.0,635.0,258.0,1536.0,1562.0,624.0,645.0
864,ST2014,1776.0,707.0,381.0,1763.0,1789.0,692.0,722.0
865,ST2014,3303.0,1376.0,1134511.0,2483.0,3999.0,831.0,2114.0
866,ST2014,3448.0,2171.0,821431.0,2145.0,3999.0,1553.0,2428.0
867,SX8399,1963.0,48.0,188.0,1958.0,1969.0,39.0,57.0
868,SX8399,1751.0,57.0,190.0,1746.0,1757.0,48.0,66.0
869,SX8399,1831.0,59.0,185.0,1825.0,1836.0,50.0,67.0
870,SX8399,1902.0,59.0,186.0,1896.0,1907.0,50.0,68.0
871,SX8399,1940.0,60.0,189.0,1934.0,1945.0,51.0,69.0
872,SX8399,129.0,64.0,190.0,123.0,135.0,55.0,73.0
873,SX8399,1602.0,65.0,189.0,1596.0,1608.0,56.0,74.0
874,SX8399,1694.0,66.0,188.0,1688.0,1699.0,57.0,75.0
875,SX8399,1727.0,66.0,191.0,1721.0,1733.0,57.0,75.0
876,SX8399,1879.0,70.0,189.0,1873.0,1885.0,61.0,79.0
877,SX8399,1674.0,72.0,183.0,1668.0,1679.0,63.0,81.0
878,SX8399,1801.0,73.0,190.0,1795.0,1807.0,64.0,82.0
879,SX8399,1123.0,157.0,185.0,1118.0,1129.0,149.0,166.0
880,SX8399,1650.0,159.0,187.0,1644.0,1656.0,150.0,168.0
881,SX8399,1697.0,160.5,184.0,1691.0,1702.0,152.0,169.0
882,SX8399,1141.0,174.0,184.0,1135.0,1147.0,166.0,183.0
883,SX8399,3094.0,295.0,188.0,3089.0,3100.0,286.0,304.0
884,SX8399,3023.0,304.0,190.0,3017.0,3029.0,295.0,313.0
885,SX8399,1751.0,356.0,188.0,1745.0,1756.0,347.0,365.0
886,SX8399,1768.0,381.0,191.0,1763.0,1774.0,372.0,390.0
887,SX8399,1903.0,384.0,191.0,1897.0,1909.0,375.0,393.0
888,SX8399,2784.0,404.0,185.0,2778.0,2790.0,395.0,412.0
889,SX8399,1929.0,433.5,188.0,1923.0,1935.0,425.0,442.0
890,SX8399,2066.0,521.0,187.0,2060.0,2071.0,512.0,530.0
891,SX8399,2251.0,526.0,189.0,2245.0,2256.0,517.0,535.0
892,SX8399,2059.0,651.5,184.0,2053.0,2064.0,643.0,660.0
893,SX8399,2215.0,655.0,188.0,2210.0,2221.0,646.0,664.0
894,SX8399,2034.0,667.0,188.0,2028.0,2039.0,658.0,676.0
895,SX8399,1885.0,670.0,188.0,1879.0,1891.0,661.0,679.0
896,SX8399,1758.0,684.0,187.0,1752.0,1763.0,675.0,693.0
897,SX8399,2108.0,703.0,186.0,2102.0,2113.0,694.0,712.0
898,SX8399,2452.0,709.0,188.0,2447.0,2458.0,700.0,718.0
899,SX8399,2244.0,715.0,187.0,2238.0,2249.0,706.0,723.0
900,SX8399,1774.0,729.0,189.0,1768.0,1780.0,720.0,738.0
901,SX8399,2328.0,751.0,188.0,2323.0,2334.0,742.0,760.0
902,SX8399,2806.0,754.0,185.0,2800.0,2811.0,745.0,762.0
903,SX8399,2300.0,756.0,186.0,2294.0,2306.0,748.0,765.0
904,SX8399,2729.0,775.0,189.0,2724.0,2735.0,766.0,784.0
905,SX8399,2145.0,805.0,188.0,2139.0,2150.0,796.0,814.0
906,SX8399,2572.0,813.0,190.0,2566.0,2578.0,804.0,822.0
907,SX8399,2545.0,823.0,187.0,2539.0,2550.0,814.0,832.0
908,SX8399,1901.0,831.0,184.0,1896.0,1907.0,822.0,840.0
909,SX8399,2359.0,854.0,188.0,2354.0,2365.0,845.0,863.0
910,SX8399,2457.0,863.0,188.0,2451.0,2462.0,854.0,872.0
911,SX8399,2438.0,866.0,187.0,2432.0,2443.0,857.0,875.0
912,SX8399,2176.0,870.0,188.0,2170.0,2181.0,861.0,879.0
913,SX8399,2187.0,896.0,190.0,2182.0,2193.0,887.0,905.0
914,SX8399,2197.0,925.0,189.0,2192.0,2203.0,916.0,934.0
915,SX8399,2332.0,952.0,190.0,2326.0,2338.0,943.0,961.0
916,SX8399,1953.0,964.0,185.0,1947.0,1958.0,955.0,973.0
917,SX8399,2229.0,968.0,184.0,2223.0,2234.0,959.0,977.0
918,SX8399,2349.0,984.0,188.0,2343.0,2354.0,975.0,993.0
919,SX8399,1968.0,1003.0,186.0,1962.0,1973.0,994.0,1012.0
920,SX8399,2366.0,1018.0,186.0,2360.0,2372.0,1009.0,1027.0
921,SX8399,2378.0,1038.0,187.0,2372.0,2383.0,1029.0,1047.0
922,SX8399,1992.0,1051.5,186.0,1986.0,1997.0,1043.0,1060.0
923,SX8399,2403.0,1100.0,191.0,2397.0,2409.0,1091.0,1109.0
924,SX8399,2316.0,1113.0,189.0,2310.0,2321.0,1104.0,1122.0
925,SX8399,2302.0,1127.0,187.0,2296.0,2307.0,1118.0,1136.0
926,SX8399,2282.0,1143.0,185.0,2276.0,2287.0,1134.0,1151.0
927,SX8399,3895.0,1260.0,188.0,3890.0,3901.0,1251.0,1269.0
928,SX8399,3916.0,1293.0,188.0,3910.0,3921.0,1284.0,1302.0
929,SX9178,2140.0,3780.0,187.0,2134.0,2145.0,3771.0,3788.0
930,SX9190,3159.0,2673.0,1272.0,3134.0,3184.0,2648.0,2698.0
931,SX9192,3130.0,1495.0,188.0,3125.0,3136.0,1486.0,1504.0
932,SX9290,2119.5,459.5,186.0,2114.0,2125.0,451.0,468.0
933,SX9293,1489.0,3928.0,190.0,1483.0,1495.0,3919.0,3937.0
934,SX9393,2814.0,68.0,190.0,2809.0,2820.0,59.0,77.0
935,SX9393,2743.0,78.0,186.0,2738.0,2749.0,69.0,87.0
936,SX9393,2858.0,211.0,188.0,2852.0,2863.0,202.0,220.0
937,SX9393,3745.0,241.0,185.0,3739.0,3750.0,232.0,249.0
938,SX9393,3711.0,259.0,186.0,3706.0,3717.0,250.0,268.0
939,SX9393,778.0,283.0,187.0,772.0,783.0,274.0,292.0
940,SX9393,1134.0,286.0,190.0,1128.0,1140.0,277.0,295.0
941,SX9393,3014.0,390.0,188.0,3008.0,3019.0,381.0,399.0
942,SX9393,1123.0,393.0,187.0,1117.0,1128.0,384.0,402.0
943,SX9393,2307.0,400.0,189.0,2301.0,2313.0,391.0,409.0
944,SX9393,2518.0,406.5,184.0,2513.0,2524.0,398.0,415.0
945,SX9393,956.0,429.0,188.0,950.0,962.0,420.0,437.0
946,SX9393,993.0,432.0,186.0,987.0,998.0,423.0,441.0
947,SX9393,1015.0,433.0,190.0,1009.0,1021.0,424.0,442.0
948,SX9393,3854.0,456.0,189.0,3848.0,3860.0,447.0,465.0
949,SX9393,3896.0,459.0,190.0,3891.0,3902.0,450.0,468.0
950,SX9394,2346.0,3529.5,184.0,2341.0,2352.0,3521.0,3538.0
951,SX9394,2388.0,3531.0,186.0,2382.0,2393.0,3522.0,3540.0
952,SX9394,893.0,3976.0,187.0,888.0,899.0,3967.0,3985.0
953,SX9394,1224.0,3985.0,191.0,1218.0,1230.0,3976.0,3994.0
954,SX9491,3363.0,91.0,191.0,3357.0,3369.0,82.0,100.0
955,SX9491,3862.0,398.0,189.0,3857.0,3868.0,389.0,407.0
956,SX9491,3382.0,571.0,185.0,3376.0,3388.0,562.0,579.0
957,SX9492,3217.0,1036.0,191.0,3211.0,3223.0,1027.0,1045.0
958,SX9492,3901.0,3939.5,188.0,3895.0,3907.0,3931.0,3948.0
959,SX9492,3493.0,3975.0,187.0,3487.0,3498.0,3966.0,3984.0
960,SX9494,2043.0,1228.0,325.0,2028.0,2057.0,1216.0,1241.0
961,SX9591,179.0,19.0,191.0,173.0,185.0,10.0,28.0
962,SX9591,922.0,275.0,191.0,916.0,928.0,266.0,284.0
963,SX9591,703.0,315.0,185.0,697.0,708.0,306.0,323.0
964,SX9591,1776.0,719.0,1974.0,1743.0,1797.0,669.0,753.0
965,SX9591,1844.0,705.0,2974.0,1798.0,1900.0,669.0,731.0
966,SX9591,1864.0,856.0,8171.0,1789.0,1950.0,716.0,1014.0
967,SX9591,1778.0,834.0,3218.0,1729.0,1833.0,800.0,865.0
968,SX9591,1709.0,849.0,1967.0,1678.0,1731.0,803.0,884.0
969,SX9591,1707.0,962.0,5061.0,1621.0,1787.0,914.0,1016.0
970,SX9591,876.0,992.0,189.0,871.0,882.0,983.0,1001.0
971,SX9591,2724.0,1084.0,189.0,2718.0,2730.0,1075.0,1093.0
972,SX9591,1103.0,1086.0,189.0,1097.0,1109.0,1077.0,1095.0
973,SX9591,1180.0,1088.0,187.0,1174.0,1185.0,1079.0,1097.0
974,SX9591,2756.0,1115.0,188.0,2750.0,2761.0,1106.0,1124.0
975,SX9591,2781.0,1161.0,187.0,2776.0,2787.0,1152.0,1170.0
976,SX9591,565.0,1187.0,187.0,559.0,570.0,1178.0,1196.0
977,SX9591,612.0,1525.0,187.0,606.0,617.0,1516.0,1534.0
978,SX9591,2895.0,2142.0,188.0,2890.0,2901.0,2133.0,2151.0
979,SX9591,2616.0,2451.0,184.0,2611.0,2622.0,2442.0,2460.0
980,SX9591,2322.0,2605.0,187.0,2317.0,2328.0,2596.0,2614.0
981,SX9591,2809.0,3964.0,187.0,2804.0,2815.0,3956.0,3973.0
982,SX9592,1015.0,20.0,188.0,1010.0,1021.0,11.0,29.0
983,SX9592,2521.0,346.0,184.0,2515.0,2526.0,337.0,355.0
984,SX9592,801.0,915.0,188.0,796.0,807.0,906.0,924.0
985,SX9592,951.0,1131.0,188.0,945.0,956.0,1122.0,1140.0
986,SX9592,2736.0,1152.0,182.0,2730.0,2741.0,1143.0,1160.0
987,SX9592,723.0,1316.0,187.0,717.0,728.0,1307.0,1325.0
988,SX9592,757.0,1355.0,190.0,751.0,762.0,1346.0,1364.0
989,SX9592,1317.0,1938.0,185.0,1311.0,1323.0,1930.0,1947.0
990,SX9592,2234.0,2186.0,185.0,2228.0,2240.0,2178.0,2195.0
991,SX9592,1784.0,2677.0,190.0,1778.0,1790.0,2668.0,2686.0
992,SX9592,1592.0,2750.0,188.0,1587.0,1598.0,2741.0,2759.0
993,SX9592,2245.0,3028.0,184.0,2240.0,2251.0,3019.0,3037.0
994,SX9592,1372.0,3068.0,188.0,1366.0,1377.0,3059.0,3077.0
995,SX9592,1261.0,3163.0,187.0,1256.0,1267.0,3154.0,3172.0
996,SX9592,942.0,3174.0,188.0,937.0,948.0,3165.0,3183.0
997,SX9592,1509.0,3186.0,187.0,1504.0,1515.0,3177.0,3195.0
998,SX9592,2078.0,3228.0,187.0,2072.0,2083.0,3219.0,3236.0
999,SX9592,449.0,3774.0,189.0,443.0,455.0,3765.0,3783.0
1000,SX9592,245.0,3862.5,188.0,239.0,251.0,3854.0,3871.0
1001,SX9592,270.5,3871.0,188.0,265.0,276.0,3862.0,3880.0
1002,SX9593,1645.5,2402.0,188.0,1640.0,1651.0,2393.0,2411.0
1003,SX9593,1591.0,2425.0,188.0,1585.0,1596.0,2416.0,2434.0
1004,SX9593,3046.0,2507.0,189.0,3041.0,3052.0,2498.0,2516.0
1005,SX9593,2636.0,2650.0,188.0,2631.0,2642.0,2641.0,2659.0
1006,SX9593,2716.0,2714.0,188.0,2710.0,2722.0,2705.0,2723.0
1007,SX9593,2797.0,2715.0,189.0,2791.0,2802.0,2706.0,2724.0
1008,SX9593,2518.0,2724.0,190.0,2512.0,2524.0,2715.0,2733.0
1009,SX9593,2577.0,2754.0,186.0,2571.0,2582.0,2745.0,2762.0
1010,SX9593,2352.0,2778.0,189.0,2346.0,2358.0,2769.0,2787.0
1011,SX9593,2640.0,2785.0,186.0,2634.0,2646.0,2776.0,2794.0
1012,SX9593,2378.0,2788.0,183.0,2373.0,2384.0,2780.0,2797.0
1013,SX9593,2399.0,2801.0,188.0,2394.0,2405.0,2792.0,2810.0
1014,SX9593,2291.0,2803.0,184.0,2286.0,2297.0,2794.0,2811.0
1015,SX9593,2706.0,2804.0,189.0,2700.0,2711.0,2795.0,2813.0
1016,SX9593,2481.0,2829.0,185.0,2475.0,2486.0,2820.0,2838.0
1017,SX9593,2737.0,2829.0,187.0,2732.0,2743.0,2820.0,2838.0
1018,SX9593,2518.0,2850.5,184.0,2513.0,2524.0,2842.0,2859.0
1019,SX9593,2276.0,2856.0,190.0,2270.0,2282.0,2847.0,2865.0
1020,SX9593,2365.0,2879.0,190.0,2359.0,2371.0,2870.0,2888.0
1021,SX9593,2393.0,2907.0,188.0,2388.0,2399.0,2898.0,2916.0
1022,SX9593,610.0,2911.0,189.0,604.0,615.0,2902.0,2920.0
1023,SX9593,2757.0,2911.0,188.0,2752.0,2763.0,2902.0,2920.0
1024,SX9593,2720.0,2922.0,187.0,2715.0,2726.0,2913.0,2931.0
1025,SX9593,2679.0,2930.0,187.0,2674.0,2685.0,2921.0,2939.0
1026,SX9593,2237.0,2931.0,190.0,2231.0,2243.0,2922.0,2940.0
1027,SX9593,2433.0,2939.0,187.0,2428.0,2439.0,2931.0,2948.0
1028,SX9593,2644.0,2946.0,191.0,2638.0,2650.0,2937.0,2955.0
1029,SX9593,532.0,2948.0,189.0,526.0,537.0,2939.0,2957.0
1030,SX9593,2343.0,2955.0,191.0,2337.0,2349.0,2946.0,2964.0
1031,SX9593,2472.0,2961.0,189.0,2467.0,2478.0,2952.0,2970.0
1032,SX9593,2595.0,2965.0,190.0,2589.0,2601.0,2956.0,2974.0
1033,SX9593,2212.0,2977.0,186.0,2207.0,2218.0,2968.0,2986.0
1034,SX9593,880.0,2980.0,188.0,875.0,886.0,2971.0,2989.0
1035,SX9593,2328.0,2991.0,189.0,2322.0,2334.0,2982.0,3000.0
1036,SX9593,2551.0,3004.0,190.0,2545.0,2556.0,2995.0,3013.0
1037,SX9593,2294.0,3032.0,186.0,2288.0,2300.0,3023.0,3041.0
1038,SX9593,2522.0,3036.0,186.0,2516.0,2528.0,3028.0,3045.0
1039,SX9593,2734.5,3041.0,188.0,2729.0,2740.0,3032.0,3050.0
1040,SX9593,2758.0,3041.0,190.0,2752.0,2764.0,3032.0,3050.0
1041,SX9593,2369.0,3043.0,190.0,2364.0,2375.0,3034.0,3052.0
1042,SX9593,2394.0,3049.0,184.0,2388.0,2399.0,3040.0,3058.0
1043,SX9593,2498.0,3051.0,190.0,2493.0,2504.0,3042.0,3060.0
1044,SX9593,2705.0,3051.0,186.0,2699.0,2711.0,3043.0,3060.0
1045,SX9593,2176.0,3056.0,187.0,2170.0,2181.0,3047.0,3064.0
1046,SX9593,2690.0,3059.0,187.0,2685.0,2696.0,3050.0,3068.0
1047,SX9593,2413.0,3060.0,184.0,2407.0,2419.0,3051.0,3068.0
1048,SX9593,2670.0,3074.0,187.0,2665.0,2676.0,3065.0,3083.0
1049,SX9593,2656.0,3086.0,190.0,2650.0,2662.0,3077.0,3095.0
1050,SX9593,2267.0,3089.0,187.0,2262.0,2273.0,3080.0,3098.0
1051,SX9593,2641.0,3098.0,189.0,2635.0,2646.0,3089.0,3107.0
1052,SX9593,2456.0,3099.0,188.0,2451.0,2462.0,3090.0,3108.0
1053,SX9593,2148.0,3111.0,190.0,2142.0,2154.0,3102.0,3120.0
1054,SX9593,2623.0,3117.0,186.0,2617.0,2629.0,3109.0,3126.0
1055,SX9593,2611.0,3128.0,189.0,2605.0,2617.0,3119.0,3137.0
1056,SX9593,2573.5,3154.0,372.0,2563.0,2584.0,3139.0,3168.0
1057,SX9593,2132.0,3152.0,190.0,2127.0,2138.0,3143.0,3161.0
1058,SX9593,2246.0,3152.0,190.0,2241.0,2252.0,3143.0,3161.0
1059,SX9593,2428.0,3154.0,187.0,2423.0,2434.0,3145.0,3163.0
1060,SX9593,2300.0,3170.0,188.0,2295.0,2306.0,3161.0,3179.0
1061,SX9593,692.0,3171.0,187.0,686.0,697.0,3162.0,3179.0
1062,SX9593,2320.0,3172.0,188.0,2315.0,2326.0,3163.0,3181.0
1063,SX9593,2336.0,3175.0,189.0,2331.0,2342.0,3166.0,3184.0
1064,SX9593,2558.0,3175.0,187.0,2552.0,2563.0,3166.0,3184.0
1065,SX9593,2235.0,3176.0,188.0,2230.0,2241.0,3167.0,3185.0
1066,SX9593,2129.0,3190.0,190.0,2123.0,2135.0,3181.0,3199.0
1067,SX9593,2405.0,3204.0,187.0,2400.0,2411.0,3196.0,3213.0
1068,SX9593,2667.0,3241.0,186.0,2661.0,2672.0,3232.0,3250.0
1069,SX9593,2708.0,3249.0,188.0,2703.0,2714.0,3240.0,3258.0
1070,SX9593,1058.0,3268.0,185.0,1052.0,1063.0,3259.0,3277.0
1071,SX9593,2111.0,3269.0,185.0,2105.0,2116.0,3260.0,3277.0
1072,SX9593,2549.0,3273.0,185.0,2543.0,2554.0,3264.0,3282.0
1073,SX9593,2589.0,3287.0,188.0,2584.0,2595.0,3278.0,3296.0
1074,SX9593,2069.0,3350.0,184.0,2064.0,2075.0,3341.0,3359.0
1075,SX9593,951.0,3370.0,187.0,946.0,957.0,3361.0,3379.0
1076,SX9593,2048.0,3390.0,186.0,2042.0,2053.0,3381.0,3398.0
1077,SX9593,2130.0,3403.0,191.0,2124.0,2136.0,3394.0,3412.0
1078,SX9593,2149.0,3409.0,185.0,2143.0,2154.0,3400.0,3418.0
1079,SX9593,2665.0,3412.0,189.0,2659.0,2670.0,3403.0,3421.0
1080,SX9593,2215.0,3413.0,187.0,2209.0,2220.0,3404.0,3422.0
1081,SX9593,2233.0,3414.0,187.0,2228.0,2239.0,3406.0,3423.0
1082,SX9593,2169.0,3417.0,185.0,2163.0,2174.0,3408.0,3425.0
1083,SX9593,2252.0,3417.0,187.0,2246.0,2257.0,3408.0,3426.0
1084,SX9593,2281.0,3421.0,187.0,2276.0,2287.0,3413.0,3430.0
1085,SX9593,2304.0,3425.0,190.0,2298.0,2310.0,3416.0,3434.0
1086,SX9593,2322.0,3425.0,184.0,2317.0,2328.0,3416.0,3434.0
1087,SX9593,2035.0,3427.0,190.0,2029.0,2040.0,3418.0,3436.0
1088,SX9593,2630.0,3450.0,188.0,2625.0,2636.0,3441.0,3459.0
1089,SX9593,2043.0,3496.0,184.0,2037.0,2048.0,3487.0,3505.0
1090,SX9593,2486.0,3516.0,556.0,2477.0,2496.0,3491.0,3542.0
1091,SX9593,2375.0,3527.0,545.0,2367.0,2382.0,3501.0,3552.0
1092,SX9593,2150.0,3518.0,189.0,2144.0,2156.0,3509.0,3527.0
1093,SX9593,2059.0,3532.0,187.0,2054.0,2065.0,3523.0,3541.0
1094,SX9593,2484.0,3553.0,190.0,2478.0,2490.0,3544.0,3562.0
1095,SX9593,2371.0,3563.0,192.0,2365.0,2377.0,3554.0,3572.0
1096,SX9593,2069.0,3569.0,186.0,2063.0,2074.0,3560.0,3578.0
1097,SX9593,2476.0,3605.0,549.0,2468.0,2487.0,3583.0,3632.0
1098,SX9593,379.0,3595.0,188.0,373.0,384.0,3586.0,3604.0
1099,SX9593,429.0,3605.0,192.0,423.0,435.0,3596.0,3614.0
1100,SX9593,2366.0,3620.0,367.0,2360.0,2373.0,3603.0,3637.0
1101,SX9593,2179.0,3614.0,188.0,2173.0,2185.0,3605.0,3622.0
1102,SX9593,2233.0,3624.0,190.0,2227.0,2239.0,3615.0,3633.0
1103,SX9593,1993.0,3627.0,190.0,1988.0,1999.0,3618.0,3636.0
1104,SX9593,2363.0,3649.0,187.0,2357.0,2368.0,3640.0,3658.0
1105,SX9593,2474.0,3649.0,189.0,2468.0,2479.0,3640.0,3658.0
1106,SX9593,2124.0,3672.0,189.0,2118.0,2130.0,3663.0,3681.0
1107,SX9593,526.0,3676.0,189.0,520.0,532.0,3667.0,3685.0
1108,SX9593,3812.0,3728.0,19563.0,3621.0,3999.0,3675.0,3782.0
1109,SX9593,309.0,3687.0,189.0,303.0,315.0,3678.0,3696.0
1110,SX9593,2100.0,3698.0,189.0,2095.0,2106.0,3689.0,3707.0
1111,SX9593,2360.0,3704.5,184.0,2355.0,2366.0,3696.0,3713.0
1112,SX9593,333.0,3707.0,189.0,327.0,338.0,3698.0,3716.0
1113,SX9593,2041.0,3717.0,188.0,2035.0,2046.0,3708.0,3726.0
1114,SX9593,358.0,3721.0,189.0,352.0,363.0,3712.0,3730.0
1115,SX9593,2353.0,3732.0,371.0,2348.0,2359.0,3714.0,3750.0
1116,SX9593,1999.0,3728.0,188.0,1993.0,2004.0,3719.0,3737.0
1117,SX9593,380.0,3740.0,189.0,374.0,385.0,3731.0,3749.0
1118,SX9593,676.0,3755.0,191.0,670.0,682.0,3746.0,3764.0
1119,SX9593,406.0,3756.0,189.0,401.0,412.0,3747.0,3765.0
1120,SX9691,1143.0,904.0,191.0,1137.0,1149.0,895.0,913.0
1121,SX9691,2135.0,1095.5,184.0,2129.0,2140.0,1087.0,1104.0
1122,SX9691,377.0,1328.0,189.0,371.0,382.0,1319.0,1337.0
1123,SX9691,1632.0,2029.0,187.0,1626.0,1637.0,2020.0,2038.0
1124,SX9691,1617.0,2045.0,188.0,1611.0,1622.0,2036.0,2054.0
1125,SX9691,1585.0,2059.0,187.0,1579.0,1590.0,2050.0,2067.0
1126,SX9691,1375.0,2061.0,191.0,1369.0,1381.0,2052.0,2070.0
1127,SX9691,1567.0,2093.0,184.0,1562.0,1573.0,2084.0,2102.0
1128,SX9691,1406.0,2094.0,183.0,1401.0,1412.0,2085.0,2102.0
1129,SX9691,1753.0,2104.0,187.0,1747.0,1758.0,2095.0,2113.0
1130,SX9691,1763.0,2118.0,187.0,1758.0,1769.0,2109.0,2127.0
1131,SX9691,1437.0,2131.0,189.0,1431.0,1443.0,2122.0,2140.0
1132,SX9691,1330.0,2132.5,188.0,1324.0,1336.0,2124.0,2141.0
1133,SX9691,1780.0,2137.0,188.0,1774.0,1785.0,2128.0,2146.0
1134,SX9691,1793.0,2154.0,189.0,1788.0,1799.0,2145.0,2163.0
1135,SX9691,1860.0,2165.0,187.0,1855.0,1866.0,2156.0,2174.0
1136,SX9691,1464.0,2166.0,187.0,1458.0,1469.0,2157.0,2175.0
1137,SX9691,1309.0,2177.0,188.0,1304.0,1315.0,2168.0,2186.0
1138,SX9691,1878.0,2186.0,188.0,1873.0,1884.0,2177.0,2195.0
1139,SX9691,1504.0,2205.5,188.0,1498.0,1510.0,2197.0,2214.0
1140,SX9691,1383.0,2213.0,190.0,1377.0,1389.0,2204.0,2222.0
1141,SX9691,1539.0,2233.0,188.0,1534.0,1545.0,2224.0,2242.0
1142,SX9691,1415.0,2246.0,187.0,1409.0,1420.0,2237.0,2254.0
1143,SX9691,1875.0,2250.0,189.0,1870.0,1881.0,2241.0,2259.0
1144,SX9691,1436.0,2268.0,188.0,1430.0,1441.0,2259.0,2277.0
1145,SX9691,1874.0,2271.0,185.0,1869.0,1880.0,2262.0,2280.0
1146,SX9691,1559.0,2273.0,190.0,1553.0,1565.0,2264.0,2282.0
1147,SX9691,1273.0,2275.0,191.0,1267.0,1279.0,2266.0,2284.0
1148,SX9691,1234.0,2296.0,189.0,1228.0,1240.0,2287.0,2305.0
1149,SX9691,1884.0,2299.0,188.0,1879.0,1890.0,2290.0,2308.0
1150,SX9691,1467.0,2307.0,190.0,1461.0,1473.0,2298.0,2316.0
1151,SX9691,1572.0,2311.0,187.0,1566.0,1577.0,2302.0,2320.0
1152,SX9691,1202.5,2332.5,186.0,1197.0,1208.0,2324.0,2341.0
1153,SX9691,1283.0,2346.0,189.0,1278.0,1289.0,2337.0,2355.0
1154,SX9691,1730.0,2350.0,189.0,1724.0,1736.0,2341.0,2359.0
1155,SX9691,1563.0,2351.0,189.0,1557.0,1568.0,2342.0,2360.0
1156,SX9691,1311.0,2373.0,187.0,1306.0,1317.0,2364.0,2382.0
1157,SX9691,1193.0,2386.0,188.0,1188.0,1199.0,2377.0,2395.0
1158,SX9691,1994.0,2410.5,372.0,1987.0,2001.0,2393.0,2428.0
1159,SX9691,1711.0,2405.0,188.0,1705.0,1716.0,2396.0,2414.0
1160,SX9691,2052.0,2412.0,189.0,2046.0,2057.0,2403.0,2421.0
1161,SX9691,1170.0,2416.0,191.0,1164.0,1176.0,2407.0,2425.0
1162,SX9691,2119.0,2424.0,375.0,2108.0,2129.0,2409.0,2439.0
1163,SX9691,2076.0,2428.0,189.0,2071.0,2082.0,2419.0,2437.0
1164,SX9691,2096.0,2431.0,188.0,2091.0,2102.0,2422.0,2440.0
1165,SX9691,1993.0,2446.0,357.0,1987.0,1999.0,2430.0,2463.0
1166,SX9691,1307.0,2441.0,189.0,1301.0,1312.0,2432.0,2450.0
1167,SX9691,1138.0,2445.0,185.0,1132.0,1144.0,2436.0,2453.0
1168,SX9691,1685.0,2449.0,188.0,1679.0,1690.0,2440.0,2458.0
1169,SX9691,1260.0,2464.0,188.0,1255.0,1266.0,2455.0,2473.0
1170,SX9691,1094.0,2468.0,190.0,1088.0,1099.0,2459.0,2477.0
1171,SX9691,1648.0,2481.0,190.0,1642.0,1654.0,2472.0,2490.0
1172,SX9691,1225.0,2498.0,185.0,1220.0,1231.0,2490.0,2507.0
1173,SX9691,1613.0,2507.0,189.0,1608.0,1619.0,2498.0,2516.0
1174,SX9691,2048.0,2516.0,185.0,2043.0,2054.0,2507.0,2525.0
1175,SX9691,1090.0,2520.0,190.0,1084.0,1096.0,2511.0,2529.0
1176,SX9691,1752.0,2527.0,183.0,1746.0,1757.0,2518.0,2536.0
1177,SX9691,1571.0,2534.0,189.0,1565.0,1577.0,2525.0,2543.0
1178,SX9691,1189.0,2538.0,185.0,1184.0,1195.0,2530.0,2547.0
1179,SX9691,1064.0,2545.0,185.0,1058.0,1069.0,2536.0,2554.0
1180,SX9691,1522.0,2545.0,188.0,1516.0,1527.0,2536.0,2554.0
1181,SX9691,1959.0,2547.0,188.0,1954.0,1965.0,2538.0,2556.0
1182,SX9691,1471.0,2557.0,189.0,1465.0,1476.0,2548.0,2566.0
1183,SX9691,1937.0,2562.0,191.0,1931.0,1943.0,2553.0,2571.0
1184,SX9691,1164.0,2575.0,187.0,1158.0,1169.0,2566.0,2584.0
1185,SX9691,1921.0,2576.0,187.0,1915.0,1926.0,2567.0,2585.0
1186,SX9691,1011.0,2578.0,183.0,1006.0,1017.0,2570.0,2587.0
1187,SX9691,1660.0,2589.0,185.0,1655.0,1666.0,2581.0,2598.0
1188,SX9691,1902.0,2591.0,187.0,1896.0,1907.0,2582.0,2600.0
1189,SX9691,1872.0,2605.0,185.0,1867.0,1878.0,2596.0,2613.0
1190,SX9691,977.0,2606.0,188.0,972.0,983.0,2597.0,2615.0
1191,SX9691,1645.0,2608.0,189.0,1639.0,1650.0,2599.0,2617.0
1192,SX9691,1144.0,2615.0,189.0,1139.0,1150.0,2606.0,2624.0
1193,SX9691,1629.0,2619.0,185.0,1623.0,1634.0,2610.0,2628.0
1194,SX9691,1525.0,2620.0,190.0,1519.0,1531.0,2611.0,2629.0
1195,SX9691,1852.0,2622.0,188.0,1847.0,1858.0,2613.0,2631.0
1196,SX9691,1608.0,2635.0,190.0,1602.0,1614.0,2626.0,2644.0
1197,SX9691,1050.0,2636.0,191.0,1044.0,1056.0,2627.0,2645.0
1198,SX9691,1123.0,2647.0,191.0,1117.0,1129.0,2638.0,2656.0
1199,SX9691,1823.0,2654.0,189.0,1818.0,1829.0,2645.0,2663.0
1200,SX9691,1540.0,2655.0,187.0,1535.0,1546.0,2647.0,2664.0
1201,SX9691,927.0,2662.0,187.0,921.0,932.0,2653.0,2671.0
1202,SX9691,1255.0,2674.0,183.0,1250.0,1261.0,2665.0,2683.0
1203,SX9691,1799.0,2674.0,189.0,1793.0,1805.0,2665.0,2683.0
1204,SX9691,1098.0,2677.0,185.0,1093.0,1104.0,2668.0,2686.0
1205,SX9691,895.0,2688.0,192.0,889.0,901.0,2679.0,2697.0
1206,SX9691,1302.0,2699.0,190.0,1296.0,1308.0,2690.0,2708.0
1207,SX9691,1757.0,2703.0,186.0,1752.0,1763.0,2694.0,2712.0
1208,SX9691,1566.0,2706.0,190.0,1560.0,1572.0,2697.0,2715.0
1209,SX9691,858.0,2707.0,188.0,853.0,864.0,2698.0,2716.0
1210,SX9691,1739.0,2716.0,190.0,1733.0,1745.0,2708.0,2725.0
1211,SX9691,1338.0,2721.0,185.0,1332.0,1343.0,2712.0,2729.0
1212,SX9691,1581.0,2724.0,187.0,1576.0,1587.0,2715.0,2733.0
1213,SX9691,958.0,2731.0,186.0,952.0,963.0,2722.0,2740.0
1214,SX9691,1076.0,2733.0,187.0,1070.0,1081.0,2724.0,2742.0
1215,SX9691,813.0,2735.0,185.0,808.0,819.0,2727.0,2744.0
1216,SX9691,1700.0,2739.0,186.0,1694.0,1705.0,2730.0,2748.0
1217,SX9691,1373.0,2751.5,188.0,1367.0,1379.0,2743.0,2760.0
1218,SX9691,1253.0,2756.0,186.0,1248.0,1259.0,2747.0,2765.0
1219,SX9691,1431.0,2779.0,188.0,1426.0,1437.0,2770.0,2788.0
1220,SX9691,867.0,2787.0,188.0,861.0,872.0,2778.0,2796.0
1221,SX9691,1665.0,2795.0,185.0,1660.0,1671.0,2787.0,2804.0
1222,SX9691,1228.0,2797.0,188.0,1222.0,1234.0,2788.0,2806.0
1223,SX9691,1650.0,2807.0,189.0,1644.0,1655.0,2798.0,2816.0
1224,SX9691,1624.0,2818.0,189.0,1619.0,1630.0,2809.0,2827.0
1225,SX9691,1192.0,2828.0,187.0,1186.0,1198.0,2819.0,2837.0
1226,SX9691,906.0,2834.0,189.0,900.0,911.0,2825.0,2843.0
1227,SX9691,1502.0,2836.0,187.0,1497.0,1508.0,2827.0,2845.0
1228,SX9691,1536.0,2843.0,189.0,1530.0,1541.0,2834.0,2852.0
1229,SX9691,1145.0,2854.0,186.0,1140.0,1151.0,2845.0,2863.0
1230,SX9691,1306.5,2859.0,186.0,1301.0,1312.0,2850.0,2868.0
1231,SX9691,1467.0,2864.0,189.0,1462.0,1473.0,2855.0,2873.0
1232,SX9691,1558.0,2872.0,183.0,1553.0,1564.0,2863.0,2880.0
1233,SX9691,918.0,2883.0,191.0,912.0,924.0,2874.0,2892.0
1234,SX9691,1590.0,2895.0,189.0,1584.0,1595.0,2886.0,2904.0
1235,SX9691,1565.0,2905.0,189.0,1559.0,1571.0,2896.0,2914.0
1236,SX9691,1106.0,2906.0,189.0,1100.0,1111.0,2897.0,2915.0
1237,SX9691,1073.0,2929.0,188.0,1068.0,1079.0,2920.0,2938.0
1238,SX9691,1443.0,2930.0,191.0,1437.0,1449.0,2921.0,2939.0
1239,SX9691,1264.0,2933.0,188.0,1259.0,1270.0,2924.0,2942.0
1240,SX9691,810.0,2937.0,189.0,805.0,816.0,2928.0,2946.0
1241,SX9691,1429.0,2942.0,188.0,1424.0,1435.0,2933.0,2951.0
1242,SX9691,1035.0,2950.0,187.0,1029.0,1040.0,2941.0,2958.0
1243,SX9691,1415.0,2956.0,185.0,1410.0,1421.0,2947.0,2965.0
1244,SX9691,770.5,2964.0,186.0,765.0,776.0,2955.0,2973.0
1245,SX9691,1367.0,2969.0,187.0,1362.0,1373.0,2960.0,2978.0
1246,SX9691,1110.0,2975.0,187.0,1105.0,1116.0,2966.0,2984.0
1247,SX9691,988.0,2979.0,185.0,982.0,993.0,2970.0,2987.0
1248,SX9691,564.0,2983.0,188.0,558.0,569.0,2974.0,2992.0
1249,SX9691,1354.0,2983.0,191.0,1348.0,1360.0,2974.0,2992.0
1250,SX9691,1128.0,2992.0,189.0,1123.0,1134.0,2983.0,3001.0
1251,SX9691,1297.0,3002.0,186.0,1291.0,1302.0,2993.0,3011.0
1252,SX9691,702.0,3008.0,189.0,696.0,707.0,2999.0,3017.0
1253,SX9691,1143.0,3011.0,184.0,1137.0,1148.0,3002.0,3020.0
1254,SX9691,541.0,3015.0,188.0,535.0,546.0,3006.0,3024.0
1255,SX9691,1278.0,3018.0,186.0,1273.0,1284.0,3009.0,3027.0
1256,SX9691,1157.0,3029.0,188.0,1152.0,1163.0,3020.0,3038.0
1257,SX9691,879.0,3030.0,190.0,873.0,885.0,3021.0,3039.0
1258,SX9691,1261.0,3032.0,186.0,1256.0,1267.0,3023.0,3041.0
1259,SX9691,485.0,3033.0,187.0,479.0,490.0,3024.0,3042.0
1260,SX9691,866.0,3040.0,189.0,860.0,872.0,3031.0,3048.0
1261,SX9691,1243.0,3047.0,189.0,1238.0,1249.0,3038.0,3056.0
1262,SX9691,436.5,3050.0,188.0,431.0,442.0,3041.0,3059.0
1263,SX9691,648.0,3057.0,186.0,642.0,653.0,3048.0,3066.0
1264,SX9691,828.0,3068.0,186.0,822.0,834.0,3059.0,3076.0
1265,SX9691,391.0,3077.0,186.0,386.0,397.0,3068.0,3086.0
1266,SX9691,1168.0,3095.0,185.0,1162.0,1174.0,3087.0,3104.0
1267,SX9691,800.0,3104.0,188.0,794.0,805.0,3095.0,3113.0
1268,SX9691,518.0,3144.0,187.0,512.0,523.0,3135.0,3153.0
1269,SX9691,727.0,3145.0,189.0,721.0,732.0,3136.0,3154.0
1270,SX9691,436.0,3179.0,188.0,431.0,442.0,3170.0,3188.0
1271,SX9691,724.0,3192.0,185.0,719.0,730.0,3184.0,3201.0
1272,SX9691,764.0,3195.0,186.0,759.0,770.0,3187.0,3204.0
1273,SX9691,653.0,3234.0,187.0,647.0,658.0,3225.0,3243.0
1274,SX9691,758.0,3254.0,190.0,752.0,764.0,3245.0,3263.0
1275,SX9691,670.0,3282.0,379.0,661.0,680.0,3265.0,3299.0
1276,SX9692,1804.0,1614.0,5405.0,1724.0,1885.0,1578.0,1649.0
1277,SX9692,1875.0,1813.0,1218.0,1855.0,1895.0,1794.0,1832.0
1278,SX9692,1882.0,1848.0,1220.0,1861.0,1902.0,1829.0,1867.0
1279,SX9692,209.0,1850.0,1097.0,188.0,224.0,1832.0,1870.0
1280,SX9692,65.0,1866.0,1158.0,41.0,78.0,1842.0,1886.0
1281,SX9692,250.0,1875.0,1362.0,226.0,270.0,1856.0,1891.0
1282,SX9692,1888.0,1884.0,1219.0,1868.0,1908.0,1865.0,1903.0
1283,SX9692,828.0,2003.0,429.0,810.0,846.0,1991.0,2015.0
1284,SX9692,1247.0,2029.0,679.0,1223.0,1272.0,2013.0,2046.0
1285,SX9692,92.0,2295.0,12500.0,19.0,186.0,2194.0,2444.0
1286,SX9693,3082.0,2163.0,2810.0,2999.0,3138.0,2149.0,2180.0
1287,SX9693,2203.0,2255.0,5859.0,2147.0,2260.0,2228.0,2283.0
1288,SX9693,2332.0,2262.0,5756.0,2276.0,2388.0,2232.0,2291.0
1289,SX9693,2179.0,2520.0,7180.0,2104.0,2253.0,2464.0,2575.0
1290,SX9693,1569.0,2634.0,5774.0,1514.0,1624.0,2590.0,2678.0
1291,SX9693,2139.0,2675.0,2486.0,2085.0,2192.0,2640.0,2709.0
1292,SX9693,1741.0,2700.0,10063.0,1654.0,1828.0,2642.0,2759.0
1293,SX9693,2123.0,2703.0,2485.0,2070.0,2177.0,2668.0,2738.0
1294,SX9693,1690.0,3537.0,1001.0,1680.0,1701.0,3513.0,3562.0
1295,SX9693,1661.0,3540.0,1000.0,1651.0,1672.0,3516.0,3565.0
1296,SX9693,1630.0,3544.0,996.0,1619.0,1640.0,3519.0,3568.0
1297,SX9693,1599.0,3547.0,992.0,1589.0,1609.0,3523.0,3572.0
1298,SX9693,1570.0,3549.0,1003.0,1560.0,1581.0,3525.0,3574.0
1299,SX9693,1692.0,3600.0,996.0,1682.0,1703.0,3575.0,3624.0
1300,SX9693,1663.0,3603.0,996.0,1653.0,1674.0,3578.0,3628.0
1301,SX9693,1631.0,3607.0,1003.0,1621.0,1642.0,3582.0,3631.0
1302,SX9693,1601.0,3610.0,998.0,1590.0,1611.0,3585.0,3634.0
1303,SX9693,1572.0,3612.0,997.0,1562.0,1583.0,3588.0,3637.0
1304,SX9693,92.0,3771.0,9646.0,0.0,187.0,3731.0,3810.0
1305,SX9694,2981.0,348.0,255.0,2971.0,2989.0,333.0,361.0
1306,SX9694,3006.0,346.0,173.0,2998.0,3013.0,336.0,356.0
1307,SX9694,2991.0,367.0,88.0,2986.0,2997.0,358.0,376.0
1308,SX9694,2669.0,537.0,143.0,2664.0,2675.0,530.0,544.0
1309,SX9695,3501.0,2578.0,629.0,3489.0,3512.0,2559.0,2599.0
1310,SX9695,3298.0,2573.0,445.0,3281.0,3313.0,2560.0,2588.0
1311,SX9695,3526.0,2604.0,341.0,3512.0,3542.0,2597.0,2612.0
1312,SX9695,2657.0,2617.0,345.0,2641.0,2673.0,2612.0,2623.0
1313,SX9695,3368.0,2957.0,515.0,3350.0,3387.0,2943.0,2971.0
1314,SX9695,3812.0,3074.0,731.0,3792.0,3832.0,3053.0,3094.0
1315,SX9695,2386.0,3826.0,236.0,2376.0,2396.0,3817.0,3835.0
1316,SX9695,2354.0,3838.0,225.0,2345.0,2363.0,3828.0,3847.0
1317,SX9697,2825.0,304.0,723163.0,2291.0,3705.0,0.0,778.0
1318,SX9698,3279.0,3807.0,402584.0,2520.0,3729.0,3490.0,3999.0
1319,SX9795,102.0,2919.0,313.0,88.0,117.0,2908.0,2931.0
1320,SX9798,755.0,3069.0,290820.0,283.0,1103.0,2701.0,3389.0
1321,SX9799,3076.0,1929.0,953.0,3053.0,3099.0,1913.0,1945.0
1322,SX9799,2994.0,1992.0,4493.0,2935.0,3054.0,1958.0,2027.0
1323,SX9896,1388.0,295.0,421.0,1380.0,1395.0,278.0,312.0
1324,SX9896,1516.0,435.5,126.0,1507.0,1525.0,430.0,441.0
1325,SX9896,1453.0,470.0,116.0,1444.0,1462.0,465.0,475.0
1326,SX9896,1409.0,486.0,119.0,1400.0,1417.0,480.0,491.0
1327,SX9896,1360.0,546.0,86.0,1352.0,1368.0,541.0,550.0
1328,SX9896,2145.0,1260.0,492.0,2128.0,2160.0,1242.0,1283.0
1329,SX9993,2525.0,298.0,62548.0,2374.0,2675.0,190.0,405.0
1330,SX9997,3890.0,2162.0,239720.0,3732.0,3999.0,1668.0,2791.0
1331,SY0083,3998.0,1588.5,54.0,3996.0,3999.0,1580.0,1597.0
1332,SY0096,2413.0,18.0,8907.0,2318.0,2581.0,0.0,58.0
1333,SY0096,3551.0,192.0,337561.0,3073.0,3999.0,0.0,546.0
1334,SY0096,3788.0,2139.0,761116.0,3038.0,3999.0,905.0,2904.0
1335,SY0097,676.0,2388.0,1530057.0,0.0,1586.0,1699.0,2929.0
1336,SY0097,1756.5,2356.0,128.0,1749.0,1764.0,2352.0,2360.0
1337,SY0097,3140.0,3547.0,1454267.0,2187.0,3999.0,2943.0,3999.0
1338,SY0182,662.0,140.0,187.0,656.0,667.0,131.0,149.0
1339,SY0182,835.5,336.0,188.0,830.0,841.0,327.0,345.0
1340,SY0182,1343.0,455.0,189.0,1338.0,1349.0,446.0,464.0
1341,SY0182,1364.0,495.0,186.0,1358.0,1369.0,486.0,504.0
1342,SY0182,1408.0,621.0,185.0,1402.0,1413.0,612.0,629.0
1343,SY0183,515.0,1306.0,189.0,509.0,520.0,1297.0,1315.0
1344,SY0183,540.0,1318.0,190.0,535.0,546.0,1309.0,1327.0
1345,SY0183,484.0,1324.0,190.0,478.0,490.0,1315.0,1333.0
1346,SY0183,183.0,1332.0,188.0,178.0,189.0,1323.0,1341.0
1347,SY0183,472.0,1336.0,188.0,467.0,478.0,1327.0,1345.0
1348,SY0183,530.0,1338.0,190.0,524.0,536.0,1329.0,1347.0
1349,SY0183,166.0,1346.0,375.0,156.0,176.0,1331.0,1362.0
1350,SY0183,450.0,1340.5,186.0,444.0,455.0,1332.0,1349.0
1351,SY0183,222.0,1342.0,189.0,216.0,228.0,1333.0,1351.0
1352,SY0183,411.0,1346.0,186.0,405.0,416.0,1337.0,1355.0
1353,SY0183,238.0,1348.0,185.0,232.0,243.0,1339.0,1357.0
1354,SY0183,260.0,1354.0,189.0,254.0,265.0,1345.0,1363.0
1355,SY0183,276.0,1359.0,189.0,271.0,282.0,1350.0,1368.0
1356,SY0183,535.0,1362.0,191.0,529.0,541.0,1353.0,1371.0
1357,SY0183,143.0,1363.0,188.0,138.0,149.0,1354.0,1372.0
1358,SY0183,128.0,1378.0,187.0,122.0,134.0,1369.0,1386.0
1359,SY0183,96.0,1397.0,188.0,90.0,101.0,1388.0,1406.0
1360,SY0183,535.0,1416.0,379.0,528.0,542.0,1398.0,1433.0
1361,SY0183,88.0,1417.0,187.0,82.0,93.0,1408.0,1426.0
1362,SY0183,82.0,1438.0,190.0,76.0,88.0,1429.0,1447.0
1363,SY0183,75.0,1456.0,189.0,69.0,80.0,1447.0,1465.0
1364,SY0183,328.0,1458.5,184.0,323.0,334.0,1450.0,1467.0
1365,SY0183,433.0,1488.0,547.0,426.0,440.0,1463.0,1515.0
1366,SY0183,68.0,1477.0,188.0,63.0,74.0,1468.0,1486.0
1367,SY0183,567.0,1491.0,188.0,561.0,572.0,1482.0,1500.0
1368,SY0183,548.0,1497.0,188.0,542.0,553.0,1488.0,1506.0
1369,SY0183,62.0,1498.0,191.0,56.0,68.0,1489.0,1507.0
1370,SY0183,529.0,1498.0,189.0,524.0,535.0,1489.0,1507.0
1371,SY0183,582.0,1500.0,188.0,576.0,587.0,1491.0,1509.0
1372,SY0183,515.0,1501.0,189.0,509.0,521.0,1492.0,1510.0
1373,SY0183,326.0,1522.0,189.0,321.0,332.0,1513.0,1531.0
1374,SY0183,27.0,1554.0,375.0,19.0,35.0,1536.0,1571.0
1375,SY0183,420.0,1580.0,362.0,412.0,428.0,1564.0,1596.0
1376,SY0183,200.0,1580.0,291.0,194.0,206.0,1567.0,1593.0
1377,SY0183,3.0,1588.5,130.0,0.0,7.0,1580.0,1597.0
1378,SY0183,188.0,1607.0,190.0,182.0,194.0,1598.0,1616.0
1379,SY0183,317.0,1610.0,189.0,311.0,323.0,1601.0,1619.0
1380,SY0183,21.0,1617.0,191.0,15.0,27.0,1608.0,1626.0
1381,SY0183,610.0,1624.0,189.0,605.0,616.0,1615.0,1633.0
1382,SY0183,46.0,1626.0,185.0,40.0,51.0,1618.0,1635.0
1383,SY0183,597.0,1627.0,189.0,591.0,602.0,1618.0,1636.0
1384,SY0183,88.0,1628.0,189.0,83.0,94.0,1619.0,1637.0
1385,SY0183,69.0,1630.0,189.0,64.0,75.0,1621.0,1639.0
1386,SY0183,307.0,1631.0,186.0,301.0,312.0,1622.0,1640.0
1387,SY0183,575.0,1631.0,187.0,569.0,580.0,1622.0,1640.0
1388,SY0183,549.0,1632.0,188.0,543.0,554.0,1623.0,1641.0
1389,SY0183,528.0,1633.0,186.0,523.0,534.0,1624.0,1642.0
1390,SY0183,176.0,1633.0,183.0,171.0,182.0,1625.0,1642.0
1391,SY0183,109.0,1635.0,185.0,103.0,114.0,1626.0,1643.0
1392,SY0183,507.0,1634.0,185.0,501.0,513.0,1626.0,1643.0
1393,SY0183,480.0,1638.0,186.0,474.0,485.0,1629.0,1647.0
1394,SY0183,133.0,1646.0,185.0,127.0,138.0,1637.0,1654.0
1395,SY0183,388.0,1660.0,189.0,383.0,394.0,1651.0,1669.0
1396,SY0183,286.0,1682.0,376.0,277.0,296.0,1665.0,1700.0
1397,SY0183,380.0,1681.0,188.0,375.0,386.0,1672.0,1690.0
1398,SY0183,2163.0,2127.0,187.0,2158.0,2169.0,2118.0,2136.0
1399,SY0183,1278.0,2152.0,192.0,1272.0,1284.0,2143.0,2161.0
1400,SY0183,1215.0,2201.0,191.0,1209.0,1221.0,2192.0,2210.0
1401,SY0183,1427.0,2724.0,189.0,1422.0,1433.0,2715.0,2733.0
1402,SY0183,700.0,2774.0,189.0,695.0,706.0,2765.0,2783.0
1403,SY0183,978.0,2840.0,190.0,973.0,984.0,2831.0,2849.0
1404,SY0183,475.0,2911.0,373.0,465.0,485.0,2896.0,2926.0
1405,SY0183,491.0,2937.0,189.0,486.0,497.0,2928.0,2946.0
1406,SY0183,506.0,2953.0,188.0,501.0,512.0,2944.0,2962.0
1407,SY0183,487.0,3010.0,189.0,481.0,493.0,3001.0,3019.0
1408,SY0183,472.0,3024.0,188.0,466.0,477.0,3015.0,3033.0
1409,SY0183,837.0,3746.0,187.0,831.0,842.0,3737.0,3755.0
1410,SY0184,2757.0,119.0,140295.0,2417.0,3047.0,0.0,375.0
1411,SY0184,3653.0,59.0,47189.0,3346.0,3832.0,0.0,183.0
1412,SY0185,1990.0,3232.0,865511.0,1605.0,2425.0,2548.0,3985.0
1413,SY0185,2901.0,3512.0,1170058.0,2343.0,3780.0,2771.0,3999.0
1414,SY0196,401.0,134.0,228966.0,0.0,878.0,0.0,311.0
1415,SY0196,1094.0,1744.0,3439535.0,0.0,2246.0,515.0,3077.0
1416,SY0197,326.0,3686.0,489689.0,0.0,838.0,3224.0,3999.0
1417,SY0197,2324.0,3640.0,160.0,2316.0,2332.0,3634.0,3646.0
1418,SY0197,2306.0,3642.0,178.0,2297.0,2314.0,3637.0,3646.0
1419,SY0197,2072.0,3753.0,245.0,2057.0,2088.0,3743.0,3764.0
1420,SY0197,2077.0,3762.0,247.0,2062.0,2093.0,3752.0,3773.0
1421,SY0199,2708.0,1196.0,1161.0,2682.0,2735.0,1180.0,1213.0
1422,SY0283,1117.0,339.0,423150.0,648.0,1488.0,0.0,708.0
1423,SY0283,1995.0,317.0,539226.0,1414.0,2398.0,0.0,831.0
1424,SY0284,1658.0,3482.0,770829.0,1197.0,2246.0,2767.0,3999.0
1425,SY0284,1024.0,3875.0,166001.0,665.0,1354.0,3718.0,3999.0
1426,SY0297,1056.0,1119.5,5278.0,1003.0,1109.0,1061.0,1178.0
1427,SY0297,52.0,1903.0,622.0,45.0,58.0,1863.0,1943.0
1428,SY0297,75.0,1896.0,477.0,69.0,81.0,1866.0,1927.0
1429,SY0297,96.0,1908.0,1332.0,83.0,109.0,1875.0,1941.0
1430,SY0297,603.0,2985.0,429.0,586.0,620.0,2978.0,2991.0
1431,SY0298,183.0,3346.0,2051.0,115.0,250.0,3319.0,3374.0
1432,SY0382,1990.0,654.0,298258.0,1726.0,2203.0,182.0,1080.0
1433,SY0382,1448.0,999.0,320644.0,1107.0,1771.0,526.0,1384.0
1434,SY0382,791.0,1285.0,629997.0,481.0,1283.0,667.0,2074.0
1435,SY0394,3776.0,258.0,238973.0,3522.0,3999.0,0.0,583.0
1436,SY0395,3793.0,3904.0,91594.0,3519.0,3999.0,3753.0,3999.0
1437,SY0397,827.0,1341.0,1307.0,779.0,876.0,1311.0,1371.0
1438,SY0397,801.0,1365.0,1918.0,742.0,861.0,1329.0,1401.0
1439,SY0397,662.0,1394.5,1820.0,603.0,721.0,1359.0,1430.0
1440,SY0492,3723.0,242.5,299680.0,3339.0,3999.0,0.0,591.0
1441,SY0493,3642.0,3277.0,1014352.0,3213.0,3999.0,2462.0,3999.0
1442,SY0494,947.0,401.0,1304112.0,0.0,1709.0,0.0,1250.0
1443,SY0495,935.0,3865.0,399556.0,0.0,1541.0,3548.0,3999.0
1444,SY0592,196.0,232.0,193498.0,0.0,422.0,0.0,512.0
1445,SY0593,252.0,3363.0,651662.0,0.0,628.0,2657.0,3999.0
1446,SY0596,3522.0,3940.0,443.0,3506.0,3537.0,3933.0,3947.0
